PROP_ID,PHOTO_URL,MEDIUM_PHOTO_URL,PREFERENCE,DESCRIPTION,PROPERTY_TYPE,CITY,LOCALITY,TRANSACT_TYPE,OWNTYPE,BEDROOM_NUM,BATHROOM_NUM,BALCONY_NUM,PRICE_PER_UNIT_AREA,FURNISH,FACING,AGE,FLOOR_NUM,TOTAL_FLOOR,FEATURES,REGISTER_DATE,PROP_NAME,MIN_PRICE,MAX_PRICE,PRICE_SQFT,LISTING,BUILDING_ID,CARPET_SQFT,SUPERBUILTUP_SQFT,BROKERAGE,MAP_DETAILS,FSL_Data,MIN_AREA_SQFT,MAX_AREA_SQFT,FORMATTED,AMENITIES,TOP_USPS,PD_URL,EXPIRY_DATE,GROUP_NAME,AREA,PRICE,PROP_HEADING,PROP_DETAILS_URL,CLASS_HEADING,CLASS_LABEL,SECONDARY_TAGS,PROPERTY_IMAGES,THUMBNAIL_IMAGES,TOTAL_LANDMARK_COUNT,FORMATTED_LANDMARK_DETAILS,CONTACT_NAME,CONTACT_COMPANY_NAME,DEALER_PHOTO_URL,SOCIETY_NAME,BUILDING_NAME,CITY_ID,LOCALITY_WO_CITY,profile,xid,metadata,location,BUILTUP_SQFT,SUPER_SQFT,COMMON_FURNISHING_ATTRIBUTES,QUALITY_SCORE,FURNISHING_ATTRIBUTES,SIMILARITY_SCORE
U71551520,https://mediacdn.99acres.com/media1/22388/19/447779040T-1695809675959.jpg,https://mediacdn.99acres.com/media1/22388/19/447779040M-1695809676556.jpg,S,"M3m capital is one of gurgaon's most sought after destination for apartments and this 2 bhk flat in sector 113 gurgaon is your opportunity to be a part of this community. The flat is east-Facing. Containing 2 bedroom(s), 2 bathrooms and more than 3 balconies, this flat is spread over a super built up area of 1310 sq.Ft. The flat has a total of 36 floors and this property is situated on 15th floor. This residential property is still under construction and will be available for possession by december 2025. The beautifully designed wood flooring enhances the beauty of the flat. This residential property is situated near close to metro station, close to market and close to railway station. All the modern amenities such as swimming pool, grocery shop, cctv surveillance, club house / community center, fitness centre / gym, lift(s), visitor parking, maintenance staff, park, shopping centre, water softening plant and security personnel will make life easier for you. You enjoy a 24*7 access to water in your flat.",Residential Apartment,Gurgaon,Sector 113 Gurgaon ,1.0,1,2.0,2,4.0,11984.0,4,3,5,15,36.0,"44,23,45,24,46,47,25,26,28,29,30,31,32,10,33,12,17,39,19,1,3,5,6,9,40,41,20,42,21,43","27th Sep, 2023",M3M Capital,15700000,15700000,11984.0,R,1071533,1000.0,1310.0,0.0,"{'LATITUDE': '28.522621253811', 'LONGITUDE': '77.025486549749', 'ZOOM_LEVEL': '14', 'SOURCE': 'BUILDING', 'MAP_ACCURACY': '0', 'MAPPED': 'Y'}",{'LOCALITY_ID': 0},121.70293,121.70293,"{'AVAIL': {'AVAILABILITY': 1, 'SUB_AVAILABILITY': '1000', 'AVAILABILITY_DATE': ''}, 'AVG_PRICE': '15700000', 'PRICE_SQFT': 11984, 'LOGO': 'N', 'FLOOR_NUMBER': '15', 'PROP_TYPE_LABEL': 'Residential Apartment', 'FURNISH_LABEL': 'Semifurnished', 'FURNISHING_ATTRIBUTES': 'Ac,Kit', 'RERA_TYPE': 'RERA', 'PRICE_IN_WORDS': 'Rs. 1.57 Crore', 'DESCRIPTION': '2-bhk-bedroom-residential-apartments-for-sale-in-m3m-capital-sector-113-gurgaon-1310-sq-ft'}","32,10,17,5,20,21,44,23,45,24,46,47,28,29,30,39,19,1,6,9,40,41,42,43,25,26,31,33,12,3,101,102,103","['East Facing', 'dwarka sector 21 metro station Nearby', 'm3m capital walk Nearby', 'Recently Renovated']",/2-bhk-bedroom-apartment-flat-for-sale-in-m3m-capital-sector-113-gurgaon-1310-sq-ft-spid-U71551520,2023-11-26 00:00:00,SPID_CONF_GROUPING,1310 sq.ft.,1.57 Cr,2 BHK Flat in Sector 113 Gurgaon,2-bhk-bedroom-apartment-flat-for-sale-in-m3m-capital-sector-113-gurgaon-1310-sq-ft-spid-U71551520,Dealer: Chaahat Homes Infratech private limited,Dealer,"['UNDER CONSTRUCTION', 'RESALE', 'RERA']",['https://mediacdn.99acres.com/media1/22388/19/447779040M-1695809676556.jpg'],['https://mediacdn.99acres.com/media1/22388/19/447779040T-1695809675959.jpg'],8.0,"[{'category': 'MetroStation', 'text': '1 Metro Station', 'className': 'mstn', 'icon': 'https://static.99acres.com/universalapp/img/mstn.png'}, {'category': 'Shopping', 'text': '1 Shopping', 'className': 'shpng', 'icon': 'https://static.99acres.com/universalapp/img/shpng.png'}, {'category': 'Connectivity', 'text': '1 Connectivity', 'className': 'hw', 'icon': 'https://static.99acres.com/universalapp/img/hw.png'}, {'category': 'Education', 'text': '2 Educations', 'className': 'schl', 'icon': 'https://static.99acres.com/universalapp/img/schl.png'}, {'category': 'Hospital', 'text': '1 Hospital', 'className': 'hsptl', 'icon': 'https://static.99acres.com/universalapp/img/hsptl.png'}, {'category': 'Airport', 'text': '1 Airport', 'className': 'aprt', 'icon': 'https://static.99acres.com/universalapp/img/aprt.png'}, {'category': 'RailwayStation', 'text': '1 Railway Station', 'className': 'rail', 'icon': 'https://static.99acres.com/universalapp/img/rail.png'}]",Harish,Chaahat Homes Infratech private limited,https://static.99acres.com/images/dealer_pnava.png,M3M Capital,M3M Capital,8,Sector 113 Gurgaon ,"{'CONTACT_NAME': 'Harish', 'CONTACT_COMPANY_NAME': 'Chaahat Homes Infratech private limited', 'CLASS_LABEL': 'A', 'CONTACT_CITY': '8', 'URL': '', 'PHOTO_URL': 'https://static.99acres.com/images/dealer_pnava.png', 'super': {'CONTACT_COMPANY_NAME': 'Chaahat Homes Infratech private limited', 'PHOTO_URL': 'https://static.99acres.com/images/dealer_pnava.png', 'SINCE': 1640672470000, 'TOTAL_EOI': 83}, 'DEALER_SEO_URL': ''}","{'PROJECTID': 385121, 'PROJ_NAME': 'M3M Capital', 'BUILDERID': 305, 'SEO_BUILDER_URL': 'https://builders.99acres.com/m3m-india-builders-developers-bid-305', 'XID_URL': '/m3m-capital-sector-113-gurgaon-npxid-r385121', 'PROJ_RERA_REGISTRATION_ID': 'GGM/531/263/2022/06 DATED 02.02.2022', 'REGISTRATION_STATUS': 'REGISTERED', 'PROJECT_HIGHLIGHTS': [], 'AMENITIES': ['11', '143', '45', '32', '38', '14', '93', '111', '96', '73', '99', '79', '40', '85', '47', '43', '4', '55', '77', '1', '71', '13', '28', '10', '33', '34', '22']}","{'PROP_PHOTO_COUNT': '1', 'PROP_VIDEO_COUNT': '0'}","{'CITY': '8', 'CITY_NAME': 'Gurgaon', 'BUILDING_ID': '1071533', 'BUILDING_NAME': 'M3M Capital', 'SOCIETY_NAME': 'M3M Capital', 'LOCALITY_ID': '10014', 'LOCALITY_NAME': 'Sector 113 Gurgaon '}",1100.0,,,,,0.9999982181184993
F71021964,https://mediacdn.99acres.com/media1/22089/12/441792196T-1692968758068.jpg,https://mediacdn.99acres.com/media1/22089/12/441792196M-1692968758278.jpg,S,"Check out this 2 bhk apartment for sale in m3m capital, a popular residential project that houses in-Demand flats in sector 113 gurgaon . This is a east-Facing property. The floor plan additionally contains 2 bedroom(s), 2 bathrooms and more than 3 balconies. All in all, the flat is spread over a super built up area of 1310 sq.Ft. The residential building has 36 floors in total and the flat for sale is located on the 11th floor. The flat is currently under construction stage and you can expect to get the possession of the property by december 2025. The flat comes well built with wood flooring options. The society complex is in the close vicinity of close to metro station, close to school and close to market, making it an ideal home for a relaxed lifestyle. All the modern amenities such as swimming pool, grocery shop, cctv surveillance, club house / community center, fitness centre / gym, lift(s), maintenance staff, visitor parking, park, shopping centre and security personnel will make life easier for you. This residential project ensures a 24*7 water supply for its residents.",Residential Apartment,Gurgaon,Sector 113 Gurgaon ,1.0,1,2.0,2,4.0,10687.0,4,3,5,11,36.0,"44,23,24,47,25,26,28,29,30,10,32,33,12,17,39,19,1,3,5,6,8,9,40,41,20,42,21,43","25th Aug, 2023",M3M Capital,14000000,14000000,10687.0,R,1071533,1000.0,1310.0,0.0,"{'LATITUDE': '28.522621253811', 'LONGITUDE': '77.025486549749', 'ZOOM_LEVEL': '14', 'SOURCE': 'BUILDING', 'MAP_ACCURACY': '0', 'MAPPED': 'Y'}",{'LOCALITY_ID': 0},121.70293,121.70293,"{'AVAIL': {'AVAILABILITY': 1, 'SUB_AVAILABILITY': '1000', 'AVAILABILITY_DATE': ''}, 'AVG_PRICE': '14000000', 'PRICE_SQFT': 10687, 'LOGO': 'N', 'FLOOR_NUMBER': '11', 'PROP_TYPE_LABEL': 'Residential Apartment', 'FURNISH_LABEL': 'Semifurnished', 'FURNISHING_ATTRIBUTES': 'Ac,Kit', 'RERA_TYPE': 'RERA', 'PRICE_IN_WORDS': 'Rs. 1.4 Crore', 'DESCRIPTION': '2-bhk-bedroom-residential-apartments-for-sale-in-m3m-capital-sector-113-gurgaon-1310-sq-ft'}","10,32,17,5,8,20,21,44,23,24,47,28,29,30,39,19,1,6,9,40,41,42,43,25,26,33,12,3,101,102,103","['East Facing', 'Private Garden', 'DWARKA SECTOR 21 Nearby', 'DPS PUBLIC SCHOOL Nearby']",/2-bhk-bedroom-apartment-flat-for-sale-in-m3m-capital-sector-113-gurgaon-1310-sq-ft-spid-F71021964,2023-10-24 00:00:00,SPID_CONF_GROUPING,1310 sq.ft.,1.4 Cr,2 BHK Flat in Sector 113 Gurgaon,2-bhk-bedroom-apartment-flat-for-sale-in-m3m-capital-sector-113-gurgaon-1310-sq-ft-spid-F71021964,Dealer: Chaahat Homes Infratech private limited,Dealer,"['UNDER CONSTRUCTION', 'RESALE', 'RERA']",['https://mediacdn.99acres.com/media1/22089/12/441792196M-1692968758278.jpg'],['https://mediacdn.99acres.com/media1/22089/12/441792196T-1692968758068.jpg'],8.0,"[{'category': 'MetroStation', 'text': '1 Metro Station', 'className': 'mstn', 'icon': 'https://static.99acres.com/universalapp/img/mstn.png'}, {'category': 'Shopping', 'text': '1 Shopping', 'className': 'shpng', 'icon': 'https://static.99acres.com/universalapp/img/shpng.png'}, {'category': 'Connectivity', 'text': '1 Connectivity', 'className': 'hw', 'icon': 'https://static.99acres.com/universalapp/img/hw.png'}, {'category': 'Education', 'text': '2 Educations', 'className': 'schl', 'icon': 'https://static.99acres.com/universalapp/img/schl.png'}, {'category': 'Hospital', 'text': '1 Hospital', 'className': 'hsptl', 'icon': 'https://static.99acres.com/universalapp/img/hsptl.png'}, {'category': 'Airport', 'text': '1 Airport', 'className': 'aprt', 'icon': 'https://static.99acres.com/universalapp/img/aprt.png'}, {'category': 'RailwayStation', 'text': '1 Railway Station', 'className': 'rail', 'icon': 'https://static.99acres.com/universalapp/img/rail.png'}]",Harish,Chaahat Homes Infratech private limited,https://static.99acres.com/images/dealer_pnava.png,M3M Capital,M3M Capital,8,Sector 113 Gurgaon ,"{'CONTACT_NAME': 'Harish', 'CONTACT_COMPANY_NAME': 'Chaahat Homes Infratech private limited', 'CLASS_LABEL': 'A', 'CONTACT_CITY': '8', 'URL': '', 'PHOTO_URL': 'https://static.99acres.com/images/dealer_pnava.png', 'super': {'CONTACT_COMPANY_NAME': 'Chaahat Homes Infratech private limited', 'PHOTO_URL': 'https://static.99acres.com/images/dealer_pnava.png', 'SINCE': 1640672470000, 'TOTAL_EOI': 88}, 'DEALER_SEO_URL': ''}","{'PROJECTID': 385121, 'PROJ_NAME': 'M3M Capital', 'BUILDERID': 305, 'SEO_BUILDER_URL': 'https://builders.99acres.com/m3m-india-builders-developers-bid-305', 'XID_URL': '/m3m-capital-sector-113-gurgaon-npxid-r385121', 'PROJ_RERA_REGISTRATION_ID': 'GGM/531/263/2022/06 DATED 02.02.2022', 'REGISTRATION_STATUS': 'REGISTERED', 'PROJECT_HIGHLIGHTS': [], 'AMENITIES': ['11', '143', '45', '32', '38', '14', '93', '111', '96', '73', '99', '79', '40', '85', '47', '43', '4', '55', '77', '1', '71', '13', '28', '10', '33', '34', '22']}","{'PROP_PHOTO_COUNT': '1', 'PROP_VIDEO_COUNT': '0'}","{'CITY': '8', 'CITY_NAME': 'Gurgaon', 'BUILDING_ID': '1071533', 'BUILDING_NAME': 'M3M Capital', 'SOCIETY_NAME': 'M3M Capital', 'LOCALITY_ID': '10014', 'LOCALITY_NAME': 'Sector 113 Gurgaon '}",1100.0,,,,,0.9999982181184993
Q71205050,https://mediacdn.99acres.com/media1/22190/12/443812542T-1693980314876.jpg,https://mediacdn.99acres.com/media1/22190/12/443812542M-1693980315425.jpg,S,"Shapoorji pallonji joyville gurugram is one of the most popular destination for buying apartments/ flats in sector 102 gurgaon. You too can be a part of this society by purchasing this 2 bhk flat here. The floor plan additionally contains 2 bedroom(s), 2 bathrooms and more than 3 balconies. All in all, the flat is spread over a super built up area of 1215 sq.Ft. The property is located on the 11th floor of a 26 floors tall building. Moreover, the flat is currently under construction and possession is expected by january 2025.",Residential Apartment,Gurgaon,Sector 102 Gurgaon,1.0,1,2.0,2,4.0,11111.0,2,3,6,11,26.0,"44,23,12,24,17,19,1,3,5,6,40,30,20,21,43","06th Sep, 2023",Shapoorji Pallonji Joyville Gurugram,13500000,13500000,11111.0,R,810087,980.0,1215.0,1.0,"{'LATITUDE': '28.4789344', 'LONGITUDE': '76.974626', 'ZOOM_LEVEL': '6', 'SOURCE': 'VERIFIED', 'MAP_ACCURACY': '0', 'MAPPED': 'Y'}",{'LOCALITY_ID': 0},112.877145,112.877145,"{'AVAIL': {'AVAILABILITY': 2, 'SUB_AVAILABILITY': '6', 'AVAILABILITY_DATE': ''}, 'AVG_PRICE': '13500000', 'PRICE_SQFT': 11111, 'LOGO': 'N', 'FLOOR_NUMBER': '11', 'PROP_TYPE_LABEL': 'Residential Apartment', 'FURNISH_LABEL': 'Unfurnished', 'FURNISHING_ATTRIBUTES': '', 'RERA_TYPE': 'RERA', 'PRICE_IN_WORDS': 'Rs. 1.35 Crore', 'DESCRIPTION': '2-bhk-bedroom-residential-apartments-for-sale-in-shapoorji-pallonji-joyville-gurugram-sector-102-gurgaon-1215-sq-ft'}","17,5,20,21,44,23,24,19,1,6,40,30,43,12,3,101,102",,/2-bhk-bedroom-apartment-flat-for-sale-in-shapoorji-pallonji-joyville-gurugram-sector-102-gurgaon-1215-sq-ft-spid-Q71205050,2023-11-04 00:00:00,SPID_GROUP_SEARCH_NORMAL,1215 sq.ft.,1.35 Cr,2 BHK Flat in Sector 102 Gurgaon,2-bhk-bedroom-apartment-flat-for-sale-in-shapoorji-pallonji-joyville-gurugram-sector-102-gurgaon-1215-sq-ft-spid-Q71205050,Dealer: Rentiers.in,Dealer,"['READY TO MOVE', 'RESALE', 'RERA']","['https://mediacdn.99acres.com/media1/22190/12/443812542M-1693980315425.jpg', 'https://mediacdn.99acres.com/media1/22190/10/443810256M-1693979779256.jpg', 'https://mediacdn.99acres.com/media1/22190/11/443811532M-1693980117438.jpg', 'https://mediacdn.99acres.com/media1/22190/11/443811536M-1693980122760.jpg', 'https://mediacdn.99acres.com/media1/22190/10/443810442M-1693979822611.jpg', 'https://mediacdn.99acres.com/media1/22190/11/443811266M-1693980036742.jpg', 'https://mediacdn.99acres.com/media1/22190/10/443810476M-1693979822732.jpg', 'https://mediacdn.99acres.com/media1/22190/11/443811318M-1693980044460.jpg', 'https://mediacdn.99acres.com/media1/22190/11/443811520M-1693980117460.jpg', 'https://mediacdn.99acres.com/media1/22190/11/443811582M-1693980122592.jpg', 'https://mediacdn.99acres.com/media1/22190/12/443812536M-1693980316714.jpg', 'https://mediacdn.99acres.com/media1/22190/12/443812638M-1693980357738.jpg']","['https://mediacdn.99acres.com/media1/22190/12/443812542T-1693980314876.jpg', 'https://mediacdn.99acres.com/media1/22190/10/443810256T-1693979778874.jpg', 'https://mediacdn.99acres.com/media1/22190/11/443811532T-1693980116953.jpg', 'https://mediacdn.99acres.com/media1/22190/11/443811536T-1693980122028.jpg', 'https://mediacdn.99acres.com/media1/22190/10/443810442T-1693979822110.jpg', 'https://mediacdn.99acres.com/media1/22190/11/443811266T-1693980036161.jpg', 'https://mediacdn.99acres.com/media1/22190/10/443810476T-1693979822291.jpg', 'https://mediacdn.99acres.com/media1/22190/11/443811318T-1693980043791.jpg', 'https://mediacdn.99acres.com/media1/22190/11/443811520T-1693980116969.jpg', 'https://mediacdn.99acres.com/media1/22190/11/443811582T-1693980122039.jpg', 'https://mediacdn.99acres.com/media1/22190/12/443812536T-1693980315923.jpg', 'https://mediacdn.99acres.com/media1/22190/12/443812638T-1693980357061.jpg']",10.0,"[{'category': 'Shopping', 'text': '1 Shopping', 'className': 'shpng', 'icon': 'https://static.99acres.com/universalapp/img/shpng.png'}, {'category': 'Connectivity', 'text': '1 Connectivity', 'className': 'hw', 'icon': 'https://static.99acres.com/universalapp/img/hw.png'}, {'category': 'Education', 'text': '2 Educations', 'className': 'schl', 'icon': 'https://static.99acres.com/universalapp/img/schl.png'}, {'category': 'Hospital', 'text': '1 Hospital', 'className': 'hsptl', 'icon': 'https://static.99acres.com/universalapp/img/hsptl.png'}, {'category': 'Airport', 'text': '1 Airport', 'className': 'aprt', 'icon': 'https://static.99acres.com/universalapp/img/aprt.png'}, {'category': 'RailwayStation', 'text': '1 Railway Station', 'className': 'rail', 'icon': 'https://static.99acres.com/universalapp/img/rail.png'}, {'category': 'OfficeComplex', 'text': '1 Office Complex', 'className': 'ofce', 'icon': 'https://static.99acres.com/universalapp/img/ofce.png'}, {'category': 'Hotel', 'text': '1 Hotels', 'className': 'htl', 'icon': 'https://static.99acres.com/universalapp/img/htl.png'}, {'category': 'Stadium', 'text': '1 Stadium', 'className': 'stdm', 'icon': 'https://static.99acres.com/universalapp/img/stdm.png'}]",Rentiers,Rentiers.in,https://static.99acres.com/images/dealer_pnava.png,Shapoorji Pallonji Joyville Gurugram,Shapoorji Pallonji Joyville Gurugram,8,Sector 102,"{'CONTACT_NAME': 'Rentiers', 'CONTACT_COMPANY_NAME': 'Rentiers.in', 'CLASS_LABEL': 'A', 'CONTACT_CITY': '8', 'URL': '', 'PHOTO_URL': 'https://static.99acres.com/images/dealer_pnava.png', 'super': {'CONTACT_COMPANY_NAME': 'Rentiers.in', 'PHOTO_URL': 'https://static.99acres.com/images/dealer_pnava.png', 'SINCE': 1693485474000, 'TOTAL_EOI': 126}, 'DEALER_SEO_URL': ''}","{'PROJECTID': 319819, 'PROJ_NAME': 'Shapoorji Pallonji Joyville Gurugram', 'BUILDERID': 71481, 'SEO_BUILDER_URL': 'https://builders.99acres.com/joyville-shapoorji-housing-builders-developers-bid-71481', 'XID_URL': '/shapoorji-pallonji-joyville-gurugram-sector-102-gurgaon-npxid-r319819', 'PROJ_RERA_REGISTRATION_ID': 'RC/REP/HARERA/GGM/2018/28', 'REGISTRATION_STATUS': 'REGISTERED', 'PROJECT_HIGHLIGHTS': ['24,000 sq. ft. Clubhouse'], 'AMENITIES': ['11', '131', '52', '38', '96', '16', '44', '8', '60', '40', '103', '85', '4', '139', '1', '13'], 'PROJECT_RATING': '4.1'}","{'PROP_PHOTO_COUNT': '12', 'PROP_VIDEO_COUNT': '0'}","{'CITY': '8', 'CITY_NAME': 'Gurgaon', 'BUILDING_ID': '810087', 'BUILDING_NAME': 'Shapoorji Pallonji Joyville Gurugram', 'SOCIETY_NAME': 'Shapoorji Pallonji Joyville Gurugram', 'LOCALITY_ID': '7504', 'LOCALITY_NAME': 'Sector 102 Gurgaon', 'ADDRESS': 'Hn Number'}",1000.0,,,,,0.606796569946495
T67008566,https://mediacdn.99acres.com/media1/20194/10/403890144T-1674708561229.jpg,https://mediacdn.99acres.com/media1/20194/10/403890144M-1674708561229.jpg,S,"Situated in sector 113 gurgaon , m3m capital is a well planned society that offers a pleasant living experience to its residents. This 2 bhk flat in gurgaon is your opportunity to be a part of this community. This residential flat is north-East-Facing direction. The flat is over 1350 sq.Ft. Super built up area and comes with 2 bedroom(s), 2 bathrooms and more than 3 balconies. The property is located on the 2nd floor of a 36 floors tall building. As the property is currently under construction , you can expect to get the possession by december 2025. The well built vitrified flooring enhances the aesthetic appeal of this flat. Another plus point for this is that it is situated near close to metro station, close to school and close to hospital. All the modern amenities such as swimming pool, grocery shop, cctv surveillance, club house / community center, fitness centre / gym, lift(s), maintenance staff, visitor parking, park, water softening plant, shopping centre and security personnel will make life easier for you. Municipal corporation and borewell/tank provides a regular supply of water to this residential project.",Residential Apartment,Gurgaon,Sector 113 Gurgaon ,1.0,1,2.0,2,4.0,14100.0,4,5,5,2,36.0,"33,12,23,24,47,26,17,28,29,19,1,3,6,8,9,40,30,41,20,31,21","24th Aug, 2023",M3M Capital,19035000,19035000,14100.0,R,1071533,945.0,1350.0,0.0,"{'LATITUDE': '28.522621253811', 'LONGITUDE': '77.025486549749', 'ZOOM_LEVEL': '14', 'SOURCE': 'BUILDING', 'MAP_ACCURACY': '0', 'MAPPED': 'Y'}",{'LOCALITY_ID': 0},125.41905,125.41905,"{'AVAIL': {'AVAILABILITY': 1, 'SUB_AVAILABILITY': '1000', 'AVAILABILITY_DATE': ''}, 'AVG_PRICE': '19035000', 'PRICE_SQFT': 14100, 'LOGO': 'N', 'FLOOR_NUMBER': '2', 'PROP_TYPE_LABEL': 'Residential Apartment', 'FURNISH_LABEL': 'Semifurnished', 'FURNISHING_ATTRIBUTES': 'Light,Fan,Ac', 'RERA_TYPE': 'RERA', 'PRICE_IN_WORDS': 'Rs. 1.9 Crore', 'DESCRIPTION': '2-bhk-bedroom-flats-for-sale-in-m3m-capital-sector-113-gurgaon-1350-sq-ft'}","17,8,20,21,23,24,47,28,29,19,1,6,9,40,30,41,33,12,26,3,31,101,102,103","['North-East Facing', 'Private Garden', 'Huda City Center Nearby', 'Orchids International School Nearby']",/2-bhk-bedroom-apartment-flat-for-sale-in-m3m-capital-sector-113-gurgaon-1350-sq-ft-r2-spid-T67008566,2023-10-23 00:00:00,SPID_CONF_GROUPING,1350 sq.ft.,1.9 Cr,2 BHK Flat in Sector 113 Gurgaon,2-bhk-bedroom-apartment-flat-for-sale-in-m3m-capital-sector-113-gurgaon-1350-sq-ft-r2-spid-T67008566,Dealer: GLS Consultants,Dealer,"['UNDER CONSTRUCTION', 'RESALE', 'RERA']",['https://mediacdn.99acres.com/media1/20194/10/403890144M-1674708561229.jpg'],['https://mediacdn.99acres.com/media1/20194/10/403890144T-1674708561229.jpg'],8.0,"[{'category': 'MetroStation', 'text': '1 Metro Station', 'className': 'mstn', 'icon': 'https://static.99acres.com/universalapp/img/mstn.png'}, {'category': 'Shopping', 'text': '1 Shopping', 'className': 'shpng', 'icon': 'https://static.99acres.com/universalapp/img/shpng.png'}, {'category': 'Connectivity', 'text': '1 Connectivity', 'className': 'hw', 'icon': 'https://static.99acres.com/universalapp/img/hw.png'}, {'category': 'Education', 'text': '2 Educations', 'className': 'schl', 'icon': 'https://static.99acres.com/universalapp/img/schl.png'}, {'category': 'Hospital', 'text': '1 Hospital', 'className': 'hsptl', 'icon': 'https://static.99acres.com/universalapp/img/hsptl.png'}, {'category': 'Airport', 'text': '1 Airport', 'className': 'aprt', 'icon': 'https://static.99acres.com/universalapp/img/aprt.png'}, {'category': 'RailwayStation', 'text': '1 Railway Station', 'className': 'rail', 'icon': 'https://static.99acres.com/universalapp/img/rail.png'}]",Vijay Gupta,GLS Consultants,https://mediacdn.99acres.com/media1/19054/19/381099608O-1662726659183.jpeg,M3M Capital,M3M Capital,8,Sector 113 Gurgaon ,"{'CONTACT_NAME': 'Vijay Gupta', 'CONTACT_COMPANY_NAME': 'GLS Consultants', 'CLASS_LABEL': 'A', 'CONTACT_CITY': '8', 'URL': 'www.glsconsultant.com', 'PHOTO_URL': 'https://mediacdn.99acres.com/media1/19054/19/381099608O-1662726659183.jpeg', 'super': {'CONTACT_COMPANY_NAME': 'GLS Consultants', 'PHOTO_URL': 'https://mediacdn.99acres.com/media1/19054/19/381099608O-1662726659183.jpeg', 'SINCE': 1661773844000, 'TOTAL_EOI': 6950}, 'DEALER_SEO_URL': ''}","{'PROJECTID': 385121, 'PROJ_NAME': 'M3M Capital', 'BUILDERID': 305, 'SEO_BUILDER_URL': 'https://builders.99acres.com/m3m-india-builders-developers-bid-305', 'XID_URL': '/m3m-capital-sector-113-gurgaon-npxid-r385121', 'PROJ_RERA_REGISTRATION_ID': 'GGM/531/263/2022/06 DATED 02.02.2022', 'REGISTRATION_STATUS': 'REGISTERED', 'PROJECT_HIGHLIGHTS': [], 'AMENITIES': ['11', '143', '45', '32', '38', '14', '93', '111', '96', '73', '99', '79', '40', '85', '47', '43', '4', '55', '77', '1', '71', '13', '28', '10', '33', '34', '22']}","{'PROP_PHOTO_COUNT': '1', 'PROP_VIDEO_COUNT': '0'}","{'CITY': '8', 'CITY_NAME': 'Gurgaon', 'BUILDING_ID': '1071533', 'BUILDING_NAME': 'M3M Capital', 'SOCIETY_NAME': 'M3M Capital', 'LOCALITY_ID': '10014', 'LOCALITY_NAME': 'Sector 113 Gurgaon ', 'ADDRESS': '202'}",1080.0,,,,,0.49130080421312566
R40285499,,,S,"Shapoorji pallonji joyville gurgaon overview
Explore the elegance of architecture at shapoorji pallonji joyville gurgaon. The project is located in gurgaons one among the best residential areas. Located in sector 102, gurgaon, the exquisite design takes you on a journey to some world-Class features. The classic design portrays 2 and 3 bhk luxury apartments which let you fill in homely joy. Moreover, there are large interior areas within this project. The exquisite design involves everything from a world-Class gym to recreational spaces, all within the space.",Residential Apartment,Gurgaon,Sector 102 Gurgaon,1.0,1,2.0,2,4.0,5927.0,4,5,5,5,19.0,"23,12,1,24,3,5,6,17,19,20,21","04th Oct, 2023",Shapoorji Pallonji Joyville Gurugram,7100000,7100000,5927.0,R,810087,845.0,1198.0,0.0,"{'LATITUDE': '28.479276836122', 'LONGITUDE': '76.976094508889', 'ZOOM_LEVEL': '14', 'SOURCE': 'BUILDING', 'MAP_ACCURACY': '0', 'MAPPED': 'Y'}",{'LOCALITY_ID': 0},111.297794,111.297794,"{'AVAIL': {'AVAILABILITY': 1, 'SUB_AVAILABILITY': '1000', 'AVAILABILITY_DATE': ''}, 'AVG_PRICE': '7100000', 'PRICE_SQFT': 5927, 'LOGO': 'N', 'FLOOR_NUMBER': '5', 'PROP_TYPE_LABEL': 'Residential Apartment', 'FURNISH_LABEL': 'Semifurnished', 'RERA_TYPE': 'RERA', 'PRICE_IN_WORDS': 'Rs. 71 Lac', 'DESCRIPTION': '2-bhk-bedroom-residential-apartments-for-sale-in-shapoorji-pallonji-joyville-gurugram-sector-102-gurgaon-1198-sq-ft'}","5,17,20,21,23,1,24,6,19,12,3","['North-East Facing', 'Full Power Backup', 'Gated Society', 'Corner Property']",/2-bhk-bedroom-apartment-flat-for-sale-in-shapoorji-pallonji-joyville-gurugram-sector-102-gurgaon-1198-sq-ft-r12-spid-R40285499,2023-11-03 00:00:00,SPID_CONF_GROUPING,1198 sq.ft.,71 L,2 BHK Flat in Sector 102 Gurgaon,2-bhk-bedroom-apartment-flat-for-sale-in-shapoorji-pallonji-joyville-gurugram-sector-102-gurgaon-1198-sq-ft-r12-spid-R40285499,Dealer: Census Consultant,Dealer,"['UNDER CONSTRUCTION', 'RESALE', 'RERA']",,,10.0,"[{'category': 'Shopping', 'text': '1 Shopping', 'className': 'shpng', 'icon': 'https://static.99acres.com/universalapp/img/shpng.png'}, {'category': 'Connectivity', 'text': '1 Connectivity', 'className': 'hw', 'icon': 'https://static.99acres.com/universalapp/img/hw.png'}, {'category': 'Education', 'text': '2 Educations', 'className': 'schl', 'icon': 'https://static.99acres.com/universalapp/img/schl.png'}, {'category': 'Hospital', 'text': '1 Hospital', 'className': 'hsptl', 'icon': 'https://static.99acres.com/universalapp/img/hsptl.png'}, {'category': 'Airport', 'text': '1 Airport', 'className': 'aprt', 'icon': 'https://static.99acres.com/universalapp/img/aprt.png'}, {'category': 'RailwayStation', 'text': '1 Railway Station', 'className': 'rail', 'icon': 'https://static.99acres.com/universalapp/img/rail.png'}, {'category': 'OfficeComplex', 'text': '1 Office Complex', 'className': 'ofce', 'icon': 'https://static.99acres.com/universalapp/img/ofce.png'}, {'category': 'Hotel', 'text': '1 Hotels', 'className': 'htl', 'icon': 'https://static.99acres.com/universalapp/img/htl.png'}, {'category': 'Stadium', 'text': '1 Stadium', 'className': 'stdm', 'icon': 'https://static.99acres.com/universalapp/img/stdm.png'}]",Srish Rai,Census Consultant,https://static.99acres.com/images/dealer_pnava.png,Shapoorji Pallonji Joyville Gurugram,Shapoorji Pallonji Joyville Gurugram,8,Sector 102,"{'CONTACT_NAME': 'Srish Rai', 'CONTACT_COMPANY_NAME': 'Census Consultant', 'CLASS_LABEL': 'A', 'CONTACT_CITY': '8', 'URL': 'http://www.censusconsultant.in', 'PHOTO_URL': 'https://static.99acres.com/images/dealer_pnava.png', 'super': {'CONTACT_COMPANY_NAME': 'Census Consultant', 'PHOTO_URL': 'https://static.99acres.com/images/dealer_pnava.png', 'SINCE': 1373975687000}, 'DEALER_SEO_URL': ''}","{'PROJECTID': 319819, 'PROJ_NAME': 'Shapoorji Pallonji Joyville Gurugram', 'BUILDERID': 71481, 'SEO_BUILDER_URL': 'https://builders.99acres.com/joyville-shapoorji-housing-builders-developers-bid-71481', 'XID_URL': '/shapoorji-pallonji-joyville-gurugram-sector-102-gurgaon-npxid-r319819', 'PROJ_RERA_REGISTRATION_ID': 'RC/REP/HARERA/GGM/2018/28', 'REGISTRATION_STATUS': 'REGISTERED', 'PROJECT_HIGHLIGHTS': ['24,000 sq. ft. Clubhouse'], 'AMENITIES': ['11', '131', '52', '38', '96', '16', '44', '8', '60', '40', '103', '85', '4', '139', '1', '13'], 'PROJECT_RATING': '4.1'}","{'PROP_PHOTO_COUNT': '0', 'PROP_VIDEO_COUNT': '0'}","{'CITY': '8', 'CITY_NAME': 'Gurgaon', 'BUILDING_ID': '810087', 'BUILDING_NAME': 'Shapoorji Pallonji Joyville Gurugram', 'SOCIETY_NAME': 'Shapoorji Pallonji Joyville Gurugram', 'LOCALITY_ID': '7504', 'LOCALITY_NAME': 'Sector 102 Gurgaon', 'ADDRESS': 'Dwarka Express Way'}",1050.0,,,,,0.4677267446845782
X69767456,https://mediacdn.99acres.com/media1/22203/8/444068390T-1694078097560.jpg,https://mediacdn.99acres.com/media1/22203/8/444068390M-1694078098008.jpg,S,"The apartment is well ventilated with 4 balconies and has 2 bathrooms.
The width of facing road is 60.00 sq.Yards.
The area of the apartment is as follows:
* super built-Up: 1385sqft
The apartment has wood flooring.
The north east facing property is a freehold property. It is a lavish property in a gated society
The society has a full power back up. The water source is from municipal corporation",Residential Apartment,Gurgaon,Sector 106 Gurgaon,1.0,1,2.0,2,4.0,9255.0,4,5,6,1,8.0,"44,23,45,24,46,47,25,26,28,29,30,31,10,32,33,12,17,39,19,1,3,5,6,8,9,40,41,20,42,21,43","07th Sep, 2023",Paras Dews,8700000,8700000,9255.0,R,42238,940.0,1385.0,1.0,"{'LATITUDE': '28.5014477', 'LONGITUDE': '76.9990227', 'ZOOM_LEVEL': '14', 'SOURCE': 'VERIFIED', 'MAP_ACCURACY': '0', 'MAPPED': 'Y'}",{'LOCALITY_ID': 0},128.670655,128.670655,"{'AVAIL': {'AVAILABILITY': 2, 'SUB_AVAILABILITY': '6', 'AVAILABILITY_DATE': ''}, 'AVG_PRICE': '8700000', 'PRICE_SQFT': 9255, 'LOGO': 'N', 'FLOOR_NUMBER': '1', 'PROP_TYPE_LABEL': 'Residential Apartment', 'FURNISH_LABEL': 'Semifurnished', 'FURNISHING_ATTRIBUTES': 'Light,Ac,Ward,Chmny', 'RERA_TYPE': 'RERA', 'PRICE_IN_WORDS': 'Rs. 87 Lac', 'DESCRIPTION': '2-bhk-bedroom-residential-apartments-for-sale-in-paras-dews-sector-106-gurgaon-1385-sq-ft'}","10,32,17,5,8,20,21,44,23,45,24,46,47,28,29,30,39,19,1,6,9,40,41,42,43,25,26,31,33,12,3,101,102,103","['North-East Facing', 'Private Garden', 'DPS International School Nearby', 'Fresh Construction']",/2-bhk-bedroom-apartment-flat-for-sale-in-paras-dews-sector-106-gurgaon-1385-sq-ft-spid-X69767456,2023-10-17 00:00:00,SPID_CONF_GROUPING,1385 sq.ft.,87 L,2 BHK Flat in Sector 106 Gurgaon,2-bhk-bedroom-apartment-flat-for-sale-in-paras-dews-sector-106-gurgaon-1385-sq-ft-spid-X69767456,Dealer: PIOUS HOMES,Dealer,"['READY TO MOVE', 'RESALE', 'RERA']","['https://mediacdn.99acres.com/media1/22203/8/444068390M-1694078098008.jpg', 'https://mediacdn.99acres.com/media1/22203/8/444068328M-1694074419658.jpg', 'https://mediacdn.99acres.com/media1/22203/8/444068374M-1694074426255.jpg', 'https://mediacdn.99acres.com/media1/22203/8/444068542M-1694074462084.jpg', 'https://mediacdn.99acres.com/media1/22203/9/444069098M-1694074519906.jpg', 'https://mediacdn.99acres.com/media1/22203/8/444068480M-1694074446331.jpg', 'https://mediacdn.99acres.com/media1/22203/8/444068892M-1694074502854.jpg', 'https://mediacdn.99acres.com/media1/22203/8/444068466M-1694074444311.jpg', 'https://mediacdn.99acres.com/media1/22203/8/444068812M-1694074493817.jpg', 'https://mediacdn.99acres.com/media1/22203/9/444069014M-1694074514762.jpg', 'https://mediacdn.99acres.com/media1/22203/9/444069128M-1694074527044.jpg', 'https://mediacdn.99acres.com/media1/22203/9/444069286M-1694074579687.jpg', 'https://mediacdn.99acres.com/media1/22203/9/444069668M-1694074627527.jpg']","['https://mediacdn.99acres.com/media1/22203/8/444068390T-1694078097560.jpg', 'https://mediacdn.99acres.com/media1/22203/8/444068328T-1694074418915.jpg', 'https://mediacdn.99acres.com/media1/22203/8/444068374T-1694074425362.jpg', 'https://mediacdn.99acres.com/media1/22203/8/444068542T-1694074461277.jpg', 'https://mediacdn.99acres.com/media1/22203/9/444069098T-1694074519099.jpg', 'https://mediacdn.99acres.com/media1/22203/8/444068480T-1694074445599.jpg', 'https://mediacdn.99acres.com/media1/22203/8/444068892T-1694074502014.jpg', 'https://mediacdn.99acres.com/media1/22203/8/444068466T-1694074443409.jpg', 'https://mediacdn.99acres.com/media1/22203/8/444068812T-1694074493065.jpg', 'https://mediacdn.99acres.com/media1/22203/9/444069014T-1694074513996.jpg', 'https://mediacdn.99acres.com/media1/22203/9/444069128T-1694074526284.jpg', 'https://mediacdn.99acres.com/media1/22203/9/444069286T-1694074579039.jpg', 'https://mediacdn.99acres.com/media1/22203/9/444069668T-1694074626774.jpg']",11.0,"[{'category': 'MetroStation', 'text': '1 Metro Station', 'className': 'mstn', 'icon': 'https://static.99acres.com/universalapp/img/mstn.png'}, {'category': 'Shopping', 'text': '1 Shopping', 'className': 'shpng', 'icon': 'https://static.99acres.com/universalapp/img/shpng.png'}, {'category': 'Connectivity', 'text': '1 Connectivity', 'className': 'hw', 'icon': 'https://static.99acres.com/universalapp/img/hw.png'}, {'category': 'Education', 'text': '2 Educations', 'className': 'schl', 'icon': 'https://static.99acres.com/universalapp/img/schl.png'}, {'category': 'Hospital', 'text': '1 Hospital', 'className': 'hsptl', 'icon': 'https://static.99acres.com/universalapp/img/hsptl.png'}, {'category': 'Airport', 'text': '1 Airport', 'className': 'aprt', 'icon': 'https://static.99acres.com/universalapp/img/aprt.png'}, {'category': 'RailwayStation', 'text': '1 Railway Station', 'className': 'rail', 'icon': 'https://static.99acres.com/universalapp/img/rail.png'}, {'category': 'Hotel', 'text': '1 Hotels', 'className': 'htl', 'icon': 'https://static.99acres.com/universalapp/img/htl.png'}, {'category': 'AmusementPark', 'text': '1 Amusement Park', 'className': 'amprk', 'icon': 'https://static.99acres.com/universalapp/img/amprk.png'}, {'category': 'GolfCourse', 'text': '1 Golf Course', 'className': 'golf', 'icon': 'https://static.99acres.com/universalapp/img/golf.png'}]",CHANDAN,PIOUS HOMES,https://static.99acres.com/images/dealer_pnava.png,Paras Dews,Paras Dews,8,Sector 106,"{'CONTACT_NAME': 'CHANDAN', 'CONTACT_COMPANY_NAME': 'PIOUS HOMES', 'CLASS_LABEL': 'A', 'CONTACT_CITY': '5', 'URL': '', 'PHOTO_URL': 'https://static.99acres.com/images/dealer_pnava.png', 'super': {'CONTACT_COMPANY_NAME': 'PIOUS HOMES', 'PHOTO_URL': 'https://static.99acres.com/images/dealer_pnava.png', 'SINCE': 1523945854000, 'TOTAL_EOI': 404}, 'DEALER_SEO_URL': ''}","{'PROJECTID': 28300, 'PROJ_NAME': 'Paras Dews', 'BUILDERID': 237, 'SEO_BUILDER_URL': 'https://builders.99acres.com/paras-buildtech-builders-developers-bid-237', 'XID_URL': '/paras-dews-sector-106-gurgaon-npxid-r28300', 'PROJ_RERA_REGISTRATION_ID': '118 OF 2017', 'REGISTRATION_STATUS': 'REGISTERED', 'PROJECT_HIGHLIGHTS': [], 'AMENITIES': ['11', '143', '90', '94', '38', '53', '93', '76', '111', '109', '96', '73', '98', '87', '31', '16', '49', '8', '20', '9', '40', '103', '85', '59', '100', '47', '43', '5', '4', '55', '77', '25', '137', '1', '23', '71', '13', '28', '17', '10', '33', '34', '19', '95', '18', '21', '22']}","{'PROP_PHOTO_COUNT': '13', 'PROP_VIDEO_COUNT': '0'}","{'CITY': '8', 'CITY_NAME': 'Gurgaon', 'BUILDING_ID': '42238', 'BUILDING_NAME': 'Paras Dews', 'SOCIETY_NAME': 'Paras Dews', 'LOCALITY_ID': '7497', 'LOCALITY_NAME': 'Sector 106 Gurgaon', 'ADDRESS': 'Dwarka Expressway'}",1120.0,,,,,0.46117985669386347
H68452214,https://mediacdn.99acres.com/media1/22075/16/441516488T-1692875116208.jpg,https://mediacdn.99acres.com/media1/22075/16/441516488M-1692875117030.jpg,S,"Experience a new style of living with paras dews, it offers an exclusive range of 2 bhk apartments in sector 106 gurgaon. Here is a steal deal for you.


This is a ready to move project. It has been designed keeping every small to large needs of residents in consideration. Plus, a comprehensive range of amenities including gymnasium, security cabin, lawn tennis court, party lawn, cctv camera security, etc. Make it one of the most desirable residential projects in gurgaon.",Residential Apartment,Gurgaon,Sector 106 Gurgaon,1.0,1,2.0,2,4.0,9378.0,4,5,6,4,8.0,"44,23,45,24,46,47,25,26,28,29,30,31,10,32,33,12,17,39,19,1,3,5,6,8,9,40,41,20,42,21,43","24th Aug, 2023",Paras Dews,8900000,8900000,9378.0,R,42238,949.0,1385.0,1.0,"{'LATITUDE': '28.4968078', 'LONGITUDE': '76.9914875', 'ZOOM_LEVEL': '14', 'SOURCE': 'VERIFIED', 'MAP_ACCURACY': '0', 'MAPPED': 'Y'}",{'LOCALITY_ID': 0},128.670655,128.670655,"{'AVAIL': {'AVAILABILITY': 2, 'SUB_AVAILABILITY': '6', 'AVAILABILITY_DATE': ''}, 'AVG_PRICE': '8900000', 'PRICE_SQFT': 9378, 'LOGO': 'N', 'FLOOR_NUMBER': '4', 'PROP_TYPE_LABEL': 'Residential Apartment', 'FURNISH_LABEL': 'Semifurnished', 'FURNISHING_ATTRIBUTES': 'Light,Wtrpurfr,Exhstfn', 'RERA_TYPE': 'RERA', 'PRICE_IN_WORDS': 'Rs. 89 Lac', 'DESCRIPTION': '2-bhk-bedroom-residential-apartments-for-sale-in-paras-dews-sector-106-gurgaon-1385-sq-ft'}","10,32,17,5,8,20,21,44,23,45,24,46,47,28,29,30,39,19,1,6,9,40,41,42,43,25,26,31,33,12,3,101,102","['North-East Facing', 'Private Garden', 'dps international Nearby', 'Fresh Construction']",/2-bhk-bedroom-apartment-flat-for-sale-in-paras-dews-sector-106-gurgaon-1385-sq-ft-r1-spid-H68452214,2023-10-12 00:00:00,SPID_CONF_GROUPING,1385 sq.ft.,89 L,2 BHK Flat in Sector 106 Gurgaon,2-bhk-bedroom-apartment-flat-for-sale-in-paras-dews-sector-106-gurgaon-1385-sq-ft-r1-spid-H68452214,Dealer: PIOUS HOMES,Dealer,"['READY TO MOVE', 'RESALE', 'RERA']","['https://mediacdn.99acres.com/media1/22075/16/441516488M-1692875117030.jpg', 'https://mediacdn.99acres.com/media1/22075/16/441516752M-1692875149004.jpg', 'https://mediacdn.99acres.com/media1/22075/15/441515696M-1692874813953.jpg', 'https://mediacdn.99acres.com/media1/22075/16/441516480M-1692875117414.jpg', 'https://mediacdn.99acres.com/media1/22075/15/441515734M-1692874815408.jpg', 'https://mediacdn.99acres.com/media1/22075/15/441515836M-1692874821283.jpg', 'https://mediacdn.99acres.com/media1/22075/16/441516154M-1692874863745.jpg', 'https://mediacdn.99acres.com/media1/22075/16/441516196M-1692875057396.jpg', 'https://mediacdn.99acres.com/media1/22075/16/441516112M-1692874857991.jpg', 'https://mediacdn.99acres.com/media1/22075/16/441516634M-1692875133639.jpg', 'https://mediacdn.99acres.com/media1/22075/16/441516298M-1692875061083.jpg', 'https://mediacdn.99acres.com/media1/22075/16/441516374M-1692875067754.jpg', 'https://mediacdn.99acres.com/media1/22075/16/441516426M-1692875112784.jpg', 'https://mediacdn.99acres.com/media1/22075/16/441516504M-1692875119531.jpg']","['https://mediacdn.99acres.com/media1/22075/16/441516488T-1692875116208.jpg', 'https://mediacdn.99acres.com/media1/22075/16/441516752T-1692875148341.jpg', 'https://mediacdn.99acres.com/media1/22075/15/441515696T-1692874813205.jpg', 'https://mediacdn.99acres.com/media1/22075/16/441516480T-1692875116633.jpg', 'https://mediacdn.99acres.com/media1/22075/15/441515734T-1692874814571.jpg', 'https://mediacdn.99acres.com/media1/22075/15/441515836T-1692874820442.jpg', 'https://mediacdn.99acres.com/media1/22075/16/441516154T-1692874862963.jpg', 'https://mediacdn.99acres.com/media1/22075/16/441516196T-1692875056658.jpg', 'https://mediacdn.99acres.com/media1/22075/16/441516112T-1692874857219.jpg', 'https://mediacdn.99acres.com/media1/22075/16/441516634T-1692875132887.jpg', 'https://mediacdn.99acres.com/media1/22075/16/441516298T-1692875060362.jpg', 'https://mediacdn.99acres.com/media1/22075/16/441516374T-1692875067200.jpg', 'https://mediacdn.99acres.com/media1/22075/16/441516426T-1692875112108.jpg', 'https://mediacdn.99acres.com/media1/22075/16/441516504T-1692875118603.jpg']",11.0,"[{'category': 'MetroStation', 'text': '1 Metro Station', 'className': 'mstn', 'icon': 'https://static.99acres.com/universalapp/img/mstn.png'}, {'category': 'Shopping', 'text': '1 Shopping', 'className': 'shpng', 'icon': 'https://static.99acres.com/universalapp/img/shpng.png'}, {'category': 'Connectivity', 'text': '1 Connectivity', 'className': 'hw', 'icon': 'https://static.99acres.com/universalapp/img/hw.png'}, {'category': 'Education', 'text': '2 Educations', 'className': 'schl', 'icon': 'https://static.99acres.com/universalapp/img/schl.png'}, {'category': 'Hospital', 'text': '1 Hospital', 'className': 'hsptl', 'icon': 'https://static.99acres.com/universalapp/img/hsptl.png'}, {'category': 'Airport', 'text': '1 Airport', 'className': 'aprt', 'icon': 'https://static.99acres.com/universalapp/img/aprt.png'}, {'category': 'RailwayStation', 'text': '1 Railway Station', 'className': 'rail', 'icon': 'https://static.99acres.com/universalapp/img/rail.png'}, {'category': 'Hotel', 'text': '1 Hotels', 'className': 'htl', 'icon': 'https://static.99acres.com/universalapp/img/htl.png'}, {'category': 'AmusementPark', 'text': '1 Amusement Park', 'className': 'amprk', 'icon': 'https://static.99acres.com/universalapp/img/amprk.png'}, {'category': 'GolfCourse', 'text': '1 Golf Course', 'className': 'golf', 'icon': 'https://static.99acres.com/universalapp/img/golf.png'}]",CHANDAN,PIOUS HOMES,https://static.99acres.com/images/dealer_pnava.png,Paras Dews,Paras Dews,8,Sector 106,"{'CONTACT_NAME': 'CHANDAN', 'CONTACT_COMPANY_NAME': 'PIOUS HOMES', 'CLASS_LABEL': 'A', 'CONTACT_CITY': '5', 'URL': '', 'PHOTO_URL': 'https://static.99acres.com/images/dealer_pnava.png', 'super': {'CONTACT_COMPANY_NAME': 'PIOUS HOMES', 'PHOTO_URL': 'https://static.99acres.com/images/dealer_pnava.png', 'SINCE': 1523945854000, 'TOTAL_EOI': 372}, 'DEALER_SEO_URL': ''}","{'PROJECTID': 28300, 'PROJ_NAME': 'Paras Dews', 'BUILDERID': 237, 'SEO_BUILDER_URL': 'https://builders.99acres.com/paras-buildtech-builders-developers-bid-237', 'XID_URL': '/paras-dews-sector-106-gurgaon-npxid-r28300', 'PROJ_RERA_REGISTRATION_ID': '118 OF 2017', 'REGISTRATION_STATUS': 'REGISTERED', 'PROJECT_HIGHLIGHTS': [], 'AMENITIES': ['11', '143', '90', '94', '38', '53', '93', '76', '111', '109', '96', '73', '98', '87', '31', '16', '49', '8', '20', '9', '40', '103', '85', '59', '100', '47', '43', '5', '4', '55', '77', '25', '137', '1', '23', '71', '13', '28', '17', '10', '33', '34', '19', '95', '18', '21', '22']}","{'PROP_PHOTO_COUNT': '14', 'PROP_VIDEO_COUNT': '0'}","{'CITY': '8', 'CITY_NAME': 'Gurgaon', 'BUILDING_ID': '42238', 'BUILDING_NAME': 'Paras Dews', 'SOCIETY_NAME': 'Paras Dews', 'LOCALITY_ID': '7497', 'LOCALITY_NAME': 'Sector 106 Gurgaon', 'ADDRESS': 'Dwarka Expressway'}",1170.0,,,,,0.4605520153812779
B71368804,,,S,"Looking for a 2 bhk property for sale in gurgaon? Buy this 2 bhk flat in paras dews that is situated in sector 106 gurgaon. Containing 2 bedroom(s), 2 bathrooms and more than 3 balconies, this flat is spread over a super built up area of 1385 sq.Ft. The residential building has 24 floors in total and the flat for sale is located on the 5th floor. As the project is already ready to move, so you can easily move into this 0-1 year old property.",Residential Apartment,Gurgaon,Sector 106 Gurgaon,1.0,1,2.0,2,4.0,7581.0,0,5,6,5,24.0,"23,6,20,21","15th Sep, 2023",Paras Dews,10500000,10500000,7581.0,R,42238,845.0,1385.0,105000.0,"{'LATITUDE': '28.5033', 'LONGITUDE': '76.99743', 'ZOOM_LEVEL': '6', 'SOURCE': 'BUILDING', 'MAP_ACCURACY': '0', 'MAPPED': 'Y'}",{'LOCALITY_ID': 0},128.670655,128.670655,"{'AVAIL': {'AVAILABILITY': 2, 'SUB_AVAILABILITY': '6', 'AVAILABILITY_DATE': ''}, 'AVG_PRICE': '10500000', 'PRICE_SQFT': 7581, 'LOGO': 'N', 'FLOOR_NUMBER': '5', 'PROP_TYPE_LABEL': 'Residential Apartment', 'FURNISH_LABEL': '', 'FURNISHING_ATTRIBUTES': '', 'RERA_TYPE': 'RERA', 'PRICE_IN_WORDS': 'Rs. 1.05 Crore', 'DESCRIPTION': '2-bhk-bedroom-residential-apartments-for-sale-in-paras-dews-sector-106-gurgaon-1385-sq-ft'}","20,21,23,6","['North-East Facing', 'Fresh Construction', 'Gated Society', 'Overlooking Park/Garden']",/2-bhk-bedroom-apartment-flat-for-sale-in-paras-dews-sector-106-gurgaon-1385-sq-ft-spid-B71368804,2023-11-14 00:00:00,SPID_CONF_GROUPING,1385 sq.ft.,1.05 Cr,2 BHK Flat in Sector 106 Gurgaon,2-bhk-bedroom-apartment-flat-for-sale-in-paras-dews-sector-106-gurgaon-1385-sq-ft-spid-B71368804,Dealer: Crystal Real Estate,Dealer,"['READY TO MOVE', 'RESALE', 'RERA']",,,11.0,"[{'category': 'MetroStation', 'text': '1 Metro Station', 'className': 'mstn', 'icon': 'https://static.99acres.com/universalapp/img/mstn.png'}, {'category': 'Shopping', 'text': '1 Shopping', 'className': 'shpng', 'icon': 'https://static.99acres.com/universalapp/img/shpng.png'}, {'category': 'Connectivity', 'text': '1 Connectivity', 'className': 'hw', 'icon': 'https://static.99acres.com/universalapp/img/hw.png'}, {'category': 'Education', 'text': '2 Educations', 'className': 'schl', 'icon': 'https://static.99acres.com/universalapp/img/schl.png'}, {'category': 'Hospital', 'text': '1 Hospital', 'className': 'hsptl', 'icon': 'https://static.99acres.com/universalapp/img/hsptl.png'}, {'category': 'Airport', 'text': '1 Airport', 'className': 'aprt', 'icon': 'https://static.99acres.com/universalapp/img/aprt.png'}, {'category': 'RailwayStation', 'text': '1 Railway Station', 'className': 'rail', 'icon': 'https://static.99acres.com/universalapp/img/rail.png'}, {'category': 'Hotel', 'text': '1 Hotels', 'className': 'htl', 'icon': 'https://static.99acres.com/universalapp/img/htl.png'}, {'category': 'AmusementPark', 'text': '1 Amusement Park', 'className': 'amprk', 'icon': 'https://static.99acres.com/universalapp/img/amprk.png'}, {'category': 'GolfCourse', 'text': '1 Golf Course', 'className': 'golf', 'icon': 'https://static.99acres.com/universalapp/img/golf.png'}]",Mukesh Yadav,Crystal Real Estate,https://mediacdn.99acres.com/media1/17416/5/348325904O-1646640372426.jpeg,Paras Dews,Paras Dews,8,Sector 106,"{'CONTACT_NAME': 'Mukesh Yadav', 'CONTACT_COMPANY_NAME': 'Crystal Real Estate', 'CLASS_LABEL': 'A', 'CONTACT_CITY': '211', 'URL': '', 'PHOTO_URL': 'https://mediacdn.99acres.com/media1/17416/5/348325904O-1646640372426.jpeg', 'super': {'CONTACT_COMPANY_NAME': 'Crystal Real Estate', 'PHOTO_URL': 'https://mediacdn.99acres.com/media1/17416/5/348325904O-1646640372426.jpeg', 'SINCE': 1137522600000, 'TOTAL_EOI': 151}, 'DEALER_SEO_URL': ''}","{'PROJECTID': 28300, 'PROJ_NAME': 'Paras Dews', 'BUILDERID': 237, 'SEO_BUILDER_URL': 'https://builders.99acres.com/paras-buildtech-builders-developers-bid-237', 'XID_URL': '/paras-dews-sector-106-gurgaon-npxid-r28300', 'PROJ_RERA_REGISTRATION_ID': '118 OF 2017', 'REGISTRATION_STATUS': 'REGISTERED', 'PROJECT_HIGHLIGHTS': [], 'AMENITIES': ['11', '143', '90', '94', '38', '53', '93', '76', '111', '109', '96', '73', '98', '87', '31', '16', '49', '8', '20', '9', '40', '103', '85', '59', '100', '47', '43', '5', '4', '55', '77', '25', '137', '1', '23', '71', '13', '28', '17', '10', '33', '34', '19', '95', '18', '21', '22']}","{'PROP_PHOTO_COUNT': '0', 'PROP_VIDEO_COUNT': '0'}","{'CITY': '8', 'CITY_NAME': 'Gurgaon', 'BUILDING_ID': '42238', 'BUILDING_NAME': 'Paras Dews', 'SOCIETY_NAME': 'Paras Dews', 'LOCALITY_ID': '7497', 'LOCALITY_NAME': 'Sector 106 Gurgaon'}",940.0,,,,,0.45915675154466
V70357396,https://mediacdn.99acres.com/media1/21746/18/434938082T-1689928415934.jpg,https://mediacdn.99acres.com/media1/21746/18/434938082M-1689928416063.jpg,S,"This lovely 2 bhk apartment/flat in sector 106 gurgaon is available for sale in one of gurgaon's most popular projects, paras dews. This is a north-East-Facing property. Containing 2 bedroom(s), 2 bathrooms and more than 3 balconies, this flat is spread over a super built up area of 1385 sq.Ft. The property is located on the 8th floor of a 10 floors tall building. An added advantage of this 0-1 year old flat is that it is available for immediate possession as the project is already ready to move. The well built vitrified flooring enhances the aesthetic appeal of this flat. All the modern amenities such as swimming pool, grocery shop, security personnel, maintenance staff, shopping centre, club house / community center, cctv surveillance, fitness centre / gym, park, lift(s) and visitor parking will make life easier for you. Municipal corporation provides a regular supply of water to this residential project.",Residential Apartment,Gurgaon,Sector 106 Gurgaon,1.0,1,2.0,2,4.0,7797.0,2,5,6,8,10.0,"33,23,12,24,25,47,26,17,19,1,3,6,9,40,41,20,21,32,43","20th Sep, 2023",Paras Dews,10800000,10800000,7797.0,R,42238,845.0,1385.0,0.0,"{'LATITUDE': '28.499693', 'LONGITUDE': '76.999962', 'ZOOM_LEVEL': '14', 'SOURCE': 'BUILDING', 'MAP_ACCURACY': '0', 'MAPPED': 'Y'}",{'LOCALITY_ID': 0},128.670655,128.670655,"{'AVAIL': {'AVAILABILITY': 2, 'SUB_AVAILABILITY': '6', 'AVAILABILITY_DATE': ''}, 'AVG_PRICE': '10800000', 'PRICE_SQFT': 7797, 'LOGO': 'N', 'FLOOR_NUMBER': '8', 'PROP_TYPE_LABEL': 'Residential Apartment', 'FURNISH_LABEL': 'Unfurnished', 'RERA_TYPE': 'RERA', 'PRICE_IN_WORDS': 'Rs. 1.08 Crore', 'DESCRIPTION': '2-bhk-bedroom-residential-apartments-for-sale-in-paras-dews-sector-106-gurgaon-1385-sq-ft'}","17,20,21,32,23,24,47,19,1,6,9,40,41,43,33,12,25,26,3,101,102","['North-East Facing', 'Fresh Construction', 'Gated Society', 'Corner Property']",/2-bhk-bedroom-apartment-flat-for-sale-in-paras-dews-sector-106-gurgaon-1385-sq-ft-r1-spid-V70357396,2023-11-19 00:00:00,SPID_CONF_GROUPING,1385 sq.ft.,1.08 Cr,2 BHK Flat in Sector 106 Gurgaon,2-bhk-bedroom-apartment-flat-for-sale-in-paras-dews-sector-106-gurgaon-1385-sq-ft-r1-spid-V70357396,Dealer: RAVS Infratech Pvt Ltd,Dealer,"['READY TO MOVE', 'RESALE', 'RERA']","['https://mediacdn.99acres.com/media1/21746/18/434938082M-1689928416063.jpg', 'https://mediacdn.99acres.com/media1/21746/18/434938086M-1689928414826.jpg', 'https://mediacdn.99acres.com/media1/21746/18/434938084M-1689928414738.jpg', 'https://mediacdn.99acres.com/media1/21746/18/434938092M-1689928415683.jpg', 'https://mediacdn.99acres.com/media1/21746/18/434938088M-1689928415481.jpg']","['https://mediacdn.99acres.com/media1/21746/18/434938082T-1689928415934.jpg', 'https://mediacdn.99acres.com/media1/21746/18/434938086T-1689928414689.jpg', 'https://mediacdn.99acres.com/media1/21746/18/434938084T-1689928414591.jpg', 'https://mediacdn.99acres.com/media1/21746/18/434938092T-1689928415552.jpg', 'https://mediacdn.99acres.com/media1/21746/18/434938088T-1689928415346.jpg']",11.0,"[{'category': 'MetroStation', 'text': '1 Metro Station', 'className': 'mstn', 'icon': 'https://static.99acres.com/universalapp/img/mstn.png'}, {'category': 'Shopping', 'text': '1 Shopping', 'className': 'shpng', 'icon': 'https://static.99acres.com/universalapp/img/shpng.png'}, {'category': 'Connectivity', 'text': '1 Connectivity', 'className': 'hw', 'icon': 'https://static.99acres.com/universalapp/img/hw.png'}, {'category': 'Education', 'text': '2 Educations', 'className': 'schl', 'icon': 'https://static.99acres.com/universalapp/img/schl.png'}, {'category': 'Hospital', 'text': '1 Hospital', 'className': 'hsptl', 'icon': 'https://static.99acres.com/universalapp/img/hsptl.png'}, {'category': 'Airport', 'text': '1 Airport', 'className': 'aprt', 'icon': 'https://static.99acres.com/universalapp/img/aprt.png'}, {'category': 'RailwayStation', 'text': '1 Railway Station', 'className': 'rail', 'icon': 'https://static.99acres.com/universalapp/img/rail.png'}, {'category': 'Hotel', 'text': '1 Hotels', 'className': 'htl', 'icon': 'https://static.99acres.com/universalapp/img/htl.png'}, {'category': 'AmusementPark', 'text': '1 Amusement Park', 'className': 'amprk', 'icon': 'https://static.99acres.com/universalapp/img/amprk.png'}, {'category': 'GolfCourse', 'text': '1 Golf Course', 'className': 'golf', 'icon': 'https://static.99acres.com/universalapp/img/golf.png'}]",Ravs Infratech Pvt Ltd,RAVS Infratech Pvt Ltd,https://static.99acres.com/images/dealer_pnava.png,Paras Dews,Paras Dews,8,Sector 106,"{'CONTACT_NAME': 'Ravs Infratech Pvt Ltd', 'CONTACT_COMPANY_NAME': 'RAVS Infratech Pvt Ltd', 'CLASS_LABEL': 'A', 'CONTACT_CITY': '8', 'URL': '', 'PHOTO_URL': 'https://static.99acres.com/images/dealer_pnava.png', 'super': {'CONTACT_COMPANY_NAME': 'RAVS Infratech Pvt Ltd', 'PHOTO_URL': 'https://static.99acres.com/images/dealer_pnava.png', 'SINCE': 1402288935000}, 'DEALER_SEO_URL': ''}","{'PROJECTID': 28300, 'PROJ_NAME': 'Paras Dews', 'BUILDERID': 237, 'SEO_BUILDER_URL': 'https://builders.99acres.com/paras-buildtech-builders-developers-bid-237', 'XID_URL': '/paras-dews-sector-106-gurgaon-npxid-r28300', 'PROJ_RERA_REGISTRATION_ID': '118 OF 2017', 'REGISTRATION_STATUS': 'REGISTERED', 'PROJECT_HIGHLIGHTS': [], 'AMENITIES': ['11', '143', '90', '94', '38', '53', '93', '76', '111', '109', '96', '73', '98', '87', '31', '16', '49', '8', '20', '9', '40', '103', '85', '59', '100', '47', '43', '5', '4', '55', '77', '25', '137', '1', '23', '71', '13', '28', '17', '10', '33', '34', '19', '95', '18', '21', '22']}","{'PROP_PHOTO_COUNT': '5', 'PROP_VIDEO_COUNT': '0'}","{'CITY': '8', 'CITY_NAME': 'Gurgaon', 'BUILDING_ID': '42238', 'BUILDING_NAME': 'Paras Dews', 'SOCIETY_NAME': 'Paras Dews', 'LOCALITY_ID': '7497', 'LOCALITY_NAME': 'Sector 106 Gurgaon', 'ADDRESS': 'A123'}",940.0,,,,,0.45913914202711203
V71335814,https://mediacdn.99acres.com/media1/22262/12/445252456T-1694606079394.jpg,https://mediacdn.99acres.com/media1/22262/12/445252456M-1694606080287.jpg,S,Beautiful property with a lavish fully functional clubhouse,Residential Apartment,Gurgaon,Sector 106 Gurgaon,1.0,1,2.0,2,4.0,6498.0,4,5,6,3,8.0,"44,23,45,24,46,47,25,26,28,29,30,31,10,32,33,12,17,39,19,1,3,5,6,8,9,40,41,20,42,21,43","13th Sep, 2023",Paras Dews,9000000,9000000,6498.0,R,42238,845.0,1385.0,1.0,"{'LATITUDE': '28.4985252', 'LONGITUDE': '76.999635', 'ZOOM_LEVEL': '6', 'SOURCE': 'VERIFIED', 'MAP_ACCURACY': '0', 'MAPPED': 'Y'}",{'LOCALITY_ID': 0},128.670655,128.670655,"{'AVAIL': {'AVAILABILITY': 2, 'SUB_AVAILABILITY': '6', 'AVAILABILITY_DATE': ''}, 'AVG_PRICE': '9000000', 'PRICE_SQFT': 6498, 'LOGO': 'N', 'FLOOR_NUMBER': '3', 'PROP_TYPE_LABEL': 'Residential Apartment', 'FURNISH_LABEL': 'Semifurnished', 'FURNISHING_ATTRIBUTES': 'Ac,bed,Chmny,Curt,Dinngtbl,Exhstfn,Fan,Gey,Light,Mcrwv,Kit,Ref,Sofa,Stv,StudyTable,Tv,Ward,Washmchn,Wtrpurfr', 'RERA_TYPE': 'RERA', 'PRICE_IN_WORDS': 'Rs. 90 Lac', 'DESCRIPTION': '2-bhk-bedroom-residential-apartments-for-sale-in-paras-dews-sector-106-gurgaon-1385-sq-ft'}","10,32,17,5,8,20,21,44,23,45,24,46,47,28,29,30,39,19,1,6,9,40,41,42,43,25,26,31,33,12,3,101,102,103",,/2-bhk-bedroom-apartment-flat-for-sale-in-paras-dews-sector-106-gurgaon-1385-sq-ft-spid-V71335814,2023-11-12 00:00:00,SPID_CONF_GROUPING,1385 sq.ft.,90 L,2 BHK Flat in Sector 106 Gurgaon,2-bhk-bedroom-apartment-flat-for-sale-in-paras-dews-sector-106-gurgaon-1385-sq-ft-spid-V71335814,Dealer: PIOUS HOMES,Dealer,"['READY TO MOVE', 'RESALE']","['https://mediacdn.99acres.com/media1/22262/12/445252456M-1694606080287.jpg', 'https://mediacdn.99acres.com/media1/22262/12/445252902M-1694606166476.jpg', 'https://mediacdn.99acres.com/media1/22262/12/445252858M-1694606127364.jpg', 'https://mediacdn.99acres.com/media1/22262/12/445252992M-1694606171709.jpg', 'https://mediacdn.99acres.com/media1/22262/13/445253622M-1694606261664.jpg', 'https://mediacdn.99acres.com/media1/22262/13/445253138M-1694606195728.jpg', 'https://mediacdn.99acres.com/media1/22262/14/445254466M-1694606394221.jpg', 'https://mediacdn.99acres.com/media1/22262/13/445253370M-1694606223958.jpg', 'https://mediacdn.99acres.com/media1/22262/14/445254284M-1694606373108.jpg', 'https://mediacdn.99acres.com/media1/22262/14/445254766M-1694606418869.jpg']","['https://mediacdn.99acres.com/media1/22262/12/445252456T-1694606079394.jpg', 'https://mediacdn.99acres.com/media1/22262/12/445252902T-1694606165885.jpg', 'https://mediacdn.99acres.com/media1/22262/12/445252858T-1694606126669.jpg', 'https://mediacdn.99acres.com/media1/22262/12/445252992T-1694606170945.jpg', 'https://mediacdn.99acres.com/media1/22262/13/445253622T-1694606261050.jpg', 'https://mediacdn.99acres.com/media1/22262/13/445253138T-1694606195028.jpg', 'https://mediacdn.99acres.com/media1/22262/14/445254466T-1694606393505.jpg', 'https://mediacdn.99acres.com/media1/22262/13/445253370T-1694606223177.jpg', 'https://mediacdn.99acres.com/media1/22262/14/445254284T-1694606372378.jpg', 'https://mediacdn.99acres.com/media1/22262/14/445254766T-1694606418138.jpg']",11.0,"[{'category': 'MetroStation', 'text': '1 Metro Station', 'className': 'mstn', 'icon': 'https://static.99acres.com/universalapp/img/mstn.png'}, {'category': 'Shopping', 'text': '1 Shopping', 'className': 'shpng', 'icon': 'https://static.99acres.com/universalapp/img/shpng.png'}, {'category': 'Connectivity', 'text': '1 Connectivity', 'className': 'hw', 'icon': 'https://static.99acres.com/universalapp/img/hw.png'}, {'category': 'Education', 'text': '2 Educations', 'className': 'schl', 'icon': 'https://static.99acres.com/universalapp/img/schl.png'}, {'category': 'Hospital', 'text': '1 Hospital', 'className': 'hsptl', 'icon': 'https://static.99acres.com/universalapp/img/hsptl.png'}, {'category': 'Airport', 'text': '1 Airport', 'className': 'aprt', 'icon': 'https://static.99acres.com/universalapp/img/aprt.png'}, {'category': 'RailwayStation', 'text': '1 Railway Station', 'className': 'rail', 'icon': 'https://static.99acres.com/universalapp/img/rail.png'}, {'category': 'Hotel', 'text': '1 Hotels', 'className': 'htl', 'icon': 'https://static.99acres.com/universalapp/img/htl.png'}, {'category': 'AmusementPark', 'text': '1 Amusement Park', 'className': 'amprk', 'icon': 'https://static.99acres.com/universalapp/img/amprk.png'}, {'category': 'GolfCourse', 'text': '1 Golf Course', 'className': 'golf', 'icon': 'https://static.99acres.com/universalapp/img/golf.png'}]",CHANDAN,PIOUS HOMES,https://static.99acres.com/images/dealer_pnava.png,Paras Dews,Paras Dews,8,Sector 106,"{'CONTACT_NAME': 'CHANDAN', 'CONTACT_COMPANY_NAME': 'PIOUS HOMES', 'CLASS_LABEL': 'A', 'CONTACT_CITY': '5', 'URL': '', 'PHOTO_URL': 'https://static.99acres.com/images/dealer_pnava.png', 'super': {'CONTACT_COMPANY_NAME': 'PIOUS HOMES', 'PHOTO_URL': 'https://static.99acres.com/images/dealer_pnava.png', 'SINCE': 1523945854000, 'TOTAL_EOI': 375}, 'DEALER_SEO_URL': ''}","{'PROJECTID': 11709, 'PROJ_NAME': 'Paras Dews', 'BUILDERID': 237, 'SEO_BUILDER_URL': 'https://builders.99acres.com/paras-buildtech-builders-developers-bid-237', 'XID_URL': '/paras-dews-sector-106-gurgaon-npxid-c11709', 'REGISTRATION_STATUS': 'NOT_AVAILABLE', 'PROJECT_HIGHLIGHTS': [], 'AMENITIES': ['149']}","{'PROP_PHOTO_COUNT': '10', 'PROP_VIDEO_COUNT': '0'}","{'CITY': '8', 'CITY_NAME': 'Gurgaon', 'BUILDING_ID': '42238', 'BUILDING_NAME': 'Paras Dews', 'SOCIETY_NAME': 'Paras Dews', 'LOCALITY_ID': '7497', 'LOCALITY_NAME': 'Sector 106 Gurgaon', 'ADDRESS': 'Dwarka Expressway'}",940.0,,,,,0.4590629440679918
W71360498,,,S,"Looking for a 2 bhk property for sale in gurgaon? Buy this 2 bhk flat in shapoorji pallonji joyville gurugram that is situated in sector 102 gurgaon. Constructed on a super built up area of 1215 sq.Ft., the flat comprises 2 bedroom(s), 2 bathrooms and more than 3 balconies. The residential building has 14 floors in total and the flat for sale is located on the 8th floor. This is a ready to move project and the property is 0-1 year old.",Residential Apartment,Gurgaon,Sector 102 Gurgaon,1.0,1,2.0,2,4.0,11522.0,2,5,6,8,14.0,"23,24,5,17,6,19,20,21","15th Sep, 2023",Shapoorji Pallonji Joyville Gurugram,14000000,14000000,11522.0,R,810087,950.0,1215.0,1.0,"{'LATITUDE': '28.4746969', 'LONGITUDE': '76.9686267', 'ZOOM_LEVEL': '6', 'SOURCE': 'BUILDING', 'MAP_ACCURACY': '0', 'MAPPED': 'Y'}",{'LOCALITY_ID': 0},112.877145,112.877145,"{'AVAIL': {'AVAILABILITY': 2, 'SUB_AVAILABILITY': '6', 'AVAILABILITY_DATE': ''}, 'AVG_PRICE': '14000000', 'PRICE_SQFT': 11522, 'LOGO': 'N', 'FLOOR_NUMBER': '8', 'PROP_TYPE_LABEL': 'Residential Apartment', 'FURNISH_LABEL': 'Unfurnished', 'FURNISHING_ATTRIBUTES': '', 'RERA_TYPE': 'RERA', 'PRICE_IN_WORDS': 'Rs. 1.4 Crore', 'DESCRIPTION': '2-bhk-bedroom-residential-apartments-for-sale-in-shapoorji-pallonji-joyville-gurugram-sector-102-gurgaon-1215-sq-ft'}","5,17,20,21,23,24,6,19,101,102","['North-East Facing', 'DPS Nearby', 'Fresh Construction', 'Gated Society']",/2-bhk-bedroom-apartment-flat-for-sale-in-shapoorji-pallonji-joyville-gurugram-sector-102-gurgaon-1215-sq-ft-spid-W71360498,2023-11-14 00:00:00,SPID_GROUP_SEARCH_NORMAL,1215 sq.ft.,1.4 Cr,2 BHK Flat in Sector 102 Gurgaon,2-bhk-bedroom-apartment-flat-for-sale-in-shapoorji-pallonji-joyville-gurugram-sector-102-gurgaon-1215-sq-ft-spid-W71360498,Dealer: Rentiers.in,Dealer,"['READY TO MOVE', 'RESALE', 'RERA']",,,10.0,"[{'category': 'Shopping', 'text': '1 Shopping', 'className': 'shpng', 'icon': 'https://static.99acres.com/universalapp/img/shpng.png'}, {'category': 'Connectivity', 'text': '1 Connectivity', 'className': 'hw', 'icon': 'https://static.99acres.com/universalapp/img/hw.png'}, {'category': 'Education', 'text': '2 Educations', 'className': 'schl', 'icon': 'https://static.99acres.com/universalapp/img/schl.png'}, {'category': 'Hospital', 'text': '1 Hospital', 'className': 'hsptl', 'icon': 'https://static.99acres.com/universalapp/img/hsptl.png'}, {'category': 'Airport', 'text': '1 Airport', 'className': 'aprt', 'icon': 'https://static.99acres.com/universalapp/img/aprt.png'}, {'category': 'RailwayStation', 'text': '1 Railway Station', 'className': 'rail', 'icon': 'https://static.99acres.com/universalapp/img/rail.png'}, {'category': 'OfficeComplex', 'text': '1 Office Complex', 'className': 'ofce', 'icon': 'https://static.99acres.com/universalapp/img/ofce.png'}, {'category': 'Hotel', 'text': '1 Hotels', 'className': 'htl', 'icon': 'https://static.99acres.com/universalapp/img/htl.png'}, {'category': 'Stadium', 'text': '1 Stadium', 'className': 'stdm', 'icon': 'https://static.99acres.com/universalapp/img/stdm.png'}]",Rentiers,Rentiers.in,https://static.99acres.com/images/dealer_pnava.png,Shapoorji Pallonji Joyville Gurugram,Shapoorji Pallonji Joyville Gurugram,8,Sector 102,"{'CONTACT_NAME': 'Rentiers', 'CONTACT_COMPANY_NAME': 'Rentiers.in', 'CLASS_LABEL': 'A', 'CONTACT_CITY': '8', 'URL': '', 'PHOTO_URL': 'https://static.99acres.com/images/dealer_pnava.png', 'super': {'CONTACT_COMPANY_NAME': 'Rentiers.in', 'PHOTO_URL': 'https://static.99acres.com/images/dealer_pnava.png', 'SINCE': 1693485474000, 'TOTAL_EOI': 56}, 'DEALER_SEO_URL': ''}","{'PROJECTID': 319819, 'PROJ_NAME': 'Shapoorji Pallonji Joyville Gurugram', 'BUILDERID': 71481, 'SEO_BUILDER_URL': 'https://builders.99acres.com/joyville-shapoorji-housing-builders-developers-bid-71481', 'XID_URL': '/shapoorji-pallonji-joyville-gurugram-sector-102-gurgaon-npxid-r319819', 'PROJ_RERA_REGISTRATION_ID': 'RC/REP/HARERA/GGM/2018/28', 'REGISTRATION_STATUS': 'REGISTERED', 'PROJECT_HIGHLIGHTS': ['24,000 sq. ft. Clubhouse'], 'AMENITIES': ['11', '131', '52', '38', '96', '16', '44', '8', '60', '40', '103', '85', '4', '139', '1', '13'], 'PROJECT_RATING': '4.1'}","{'PROP_PHOTO_COUNT': '0', 'PROP_VIDEO_COUNT': '0'}","{'CITY': '8', 'CITY_NAME': 'Gurgaon', 'BUILDING_ID': '810087', 'BUILDING_NAME': 'Shapoorji Pallonji Joyville Gurugram', 'SOCIETY_NAME': 'Shapoorji Pallonji Joyville Gurugram', 'LOCALITY_ID': '7504', 'LOCALITY_NAME': 'Sector 102 Gurgaon', 'ADDRESS': 'Hn Number'}",1100.0,,,,,0.4493209785709308
P71296212,https://mediacdn.99acres.com/media1/22238/16/444776976T-1694420216840.jpg,https://mediacdn.99acres.com/media1/22238/16/444776976M-1694420217001.jpg,S,"Shapoorji joy ville sector 102 . 
2bhk all unit available 
 Prominent location 102 , well connected dwarka express way ..Front delhi green...Dps school.And hospital",Residential Apartment,Gurgaon,Sector 102 Gurgaon,1.0,1,2.0,2,4.0,10087.0,4,5,6,10,26.0,"23,24,5,17,6,19,20,21","11th Sep, 2023",Shapoorji Pallonji Joyville Gurugram,13800000,13800000,10087.0,R,810087,1100.0,1368.0,150000.0,"{'LATITUDE': '28.4746969', 'LONGITUDE': '76.9686267', 'ZOOM_LEVEL': '6', 'SOURCE': 'BUILDING', 'MAP_ACCURACY': '0', 'MAPPED': 'Y'}",{'LOCALITY_ID': 0},127.091304,127.091304,"{'AVAIL': {'AVAILABILITY': 2, 'SUB_AVAILABILITY': '6', 'AVAILABILITY_DATE': ''}, 'AVG_PRICE': '13800000', 'PRICE_SQFT': 10087, 'LOGO': 'N', 'FLOOR_NUMBER': '10', 'PROP_TYPE_LABEL': 'Residential Apartment', 'FURNISH_LABEL': 'Semifurnished', 'FURNISHING_ATTRIBUTES': 'Ac,Fan,Gey,Light,Ward', 'RERA_TYPE': 'RERA', 'PRICE_IN_WORDS': 'Rs. 1.38 Crore', 'DESCRIPTION': '2-bhk-bedroom-residential-apartments-for-sale-in-shapoorji-pallonji-joyville-gurugram-sector-102-gurgaon-1368-sq-ft'}","5,17,20,21,23,24,6,19,101,102,103",,/2-bhk-bedroom-apartment-flat-for-sale-in-shapoorji-pallonji-joyville-gurugram-sector-102-gurgaon-1368-sq-ft-spid-P71296212,2023-11-10 00:00:00,SPID_GROUP_SEARCH_NORMAL,1368 sq.ft.,1.38 Cr,2 BHK Flat in Sector 102 Gurgaon,2-bhk-bedroom-apartment-flat-for-sale-in-shapoorji-pallonji-joyville-gurugram-sector-102-gurgaon-1368-sq-ft-spid-P71296212,Dealer: square expert ,Dealer,"['READY TO MOVE', 'RESALE', 'RERA']","['https://mediacdn.99acres.com/media1/22238/16/444776976M-1694420217001.jpg', 'https://mediacdn.99acres.com/media1/22238/17/444777064M-1694420222211.jpg', 'https://mediacdn.99acres.com/media1/22238/17/444777004M-1694420217390.jpg', 'https://mediacdn.99acres.com/media1/22238/17/444777058M-1694420222036.jpg', 'https://mediacdn.99acres.com/media1/22238/17/444777018M-1694420217555.jpg', 'https://mediacdn.99acres.com/media1/22238/17/444777030M-1694420220459.jpg', 'https://mediacdn.99acres.com/media1/22238/16/444776984M-1694420217457.jpg', 'https://mediacdn.99acres.com/media1/22238/16/444776990M-1694420217568.jpg', 'https://mediacdn.99acres.com/media1/22238/16/444776996M-1694420217638.jpg', 'https://mediacdn.99acres.com/media1/22238/17/444777002M-1694421260954.jpg', 'https://mediacdn.99acres.com/media1/22238/17/444777014M-1694420217546.jpg', 'https://mediacdn.99acres.com/media1/22238/17/444777054M-1694420222033.jpg', 'https://mediacdn.99acres.com/media1/22238/17/444777040M-1694420221809.jpg', 'https://mediacdn.99acres.com/media1/22238/17/444777046M-1694420222020.jpg', 'https://mediacdn.99acres.com/media1/22238/17/444777024M-1694420217947.jpg', 'https://mediacdn.99acres.com/media1/22238/17/444777034M-1694420220512.jpg']","['https://mediacdn.99acres.com/media1/22238/16/444776976T-1694420216840.jpg', 'https://mediacdn.99acres.com/media1/22238/17/444777064T-1694420222020.jpg', 'https://mediacdn.99acres.com/media1/22238/17/444777004T-1694420217224.jpg', 'https://mediacdn.99acres.com/media1/22238/17/444777058T-1694420221854.jpg', 'https://mediacdn.99acres.com/media1/22238/17/444777018T-1694420217415.jpg', 'https://mediacdn.99acres.com/media1/22238/17/444777030T-1694420220314.jpg', 'https://mediacdn.99acres.com/media1/22238/16/444776984T-1694420217254.jpg', 'https://mediacdn.99acres.com/media1/22238/16/444776990T-1694420217386.jpg', 'https://mediacdn.99acres.com/media1/22238/16/444776996T-1694420217467.jpg', 'https://mediacdn.99acres.com/media1/22238/17/444777002T-1694421260811.jpg', 'https://mediacdn.99acres.com/media1/22238/17/444777014T-1694420217376.jpg', 'https://mediacdn.99acres.com/media1/22238/17/444777054T-1694420221814.jpg', 'https://mediacdn.99acres.com/media1/22238/17/444777040T-1694420221592.jpg', 'https://mediacdn.99acres.com/media1/22238/17/444777046T-1694420221835.jpg', 'https://mediacdn.99acres.com/media1/22238/17/444777024T-1694420217797.jpg', 'https://mediacdn.99acres.com/media1/22238/17/444777034T-1694420220385.jpg']",10.0,"[{'category': 'Shopping', 'text': '1 Shopping', 'className': 'shpng', 'icon': 'https://static.99acres.com/universalapp/img/shpng.png'}, {'category': 'Connectivity', 'text': '1 Connectivity', 'className': 'hw', 'icon': 'https://static.99acres.com/universalapp/img/hw.png'}, {'category': 'Education', 'text': '2 Educations', 'className': 'schl', 'icon': 'https://static.99acres.com/universalapp/img/schl.png'}, {'category': 'Hospital', 'text': '1 Hospital', 'className': 'hsptl', 'icon': 'https://static.99acres.com/universalapp/img/hsptl.png'}, {'category': 'Airport', 'text': '1 Airport', 'className': 'aprt', 'icon': 'https://static.99acres.com/universalapp/img/aprt.png'}, {'category': 'RailwayStation', 'text': '1 Railway Station', 'className': 'rail', 'icon': 'https://static.99acres.com/universalapp/img/rail.png'}, {'category': 'OfficeComplex', 'text': '1 Office Complex', 'className': 'ofce', 'icon': 'https://static.99acres.com/universalapp/img/ofce.png'}, {'category': 'Hotel', 'text': '1 Hotels', 'className': 'htl', 'icon': 'https://static.99acres.com/universalapp/img/htl.png'}, {'category': 'Stadium', 'text': '1 Stadium', 'className': 'stdm', 'icon': 'https://static.99acres.com/universalapp/img/stdm.png'}]",Arjun,square expert ,https://static.99acres.com/images/dealer_pnava.png,Shapoorji Pallonji Joyville Gurugram,Shapoorji Pallonji Joyville Gurugram,8,Sector 102,"{'CONTACT_NAME': 'Arjun', 'CONTACT_COMPANY_NAME': 'square expert ', 'CLASS_LABEL': 'A', 'CONTACT_CITY': '8', 'URL': '', 'PHOTO_URL': 'https://static.99acres.com/images/dealer_pnava.png', 'super': {'CONTACT_COMPANY_NAME': 'square expert ', 'PHOTO_URL': 'https://static.99acres.com/images/dealer_pnava.png', 'SINCE': 1693498284000, 'TOTAL_EOI': 137}, 'DEALER_SEO_URL': ''}","{'PROJECTID': 319819, 'PROJ_NAME': 'Shapoorji Pallonji Joyville Gurugram', 'BUILDERID': 71481, 'SEO_BUILDER_URL': 'https://builders.99acres.com/joyville-shapoorji-housing-builders-developers-bid-71481', 'XID_URL': '/shapoorji-pallonji-joyville-gurugram-sector-102-gurgaon-npxid-r319819', 'PROJ_RERA_REGISTRATION_ID': 'RC/REP/HARERA/GGM/2018/28', 'REGISTRATION_STATUS': 'REGISTERED', 'PROJECT_HIGHLIGHTS': ['24,000 sq. ft. Clubhouse'], 'AMENITIES': ['11', '131', '52', '38', '96', '16', '44', '8', '60', '40', '103', '85', '4', '139', '1', '13'], 'PROJECT_RATING': '4.1'}","{'PROP_PHOTO_COUNT': '16', 'PROP_VIDEO_COUNT': '0'}","{'CITY': '8', 'CITY_NAME': 'Gurgaon', 'BUILDING_ID': '810087', 'BUILDING_NAME': 'Shapoorji Pallonji Joyville Gurugram', 'SOCIETY_NAME': 'Shapoorji Pallonji Joyville Gurugram', 'LOCALITY_ID': '7504', 'LOCALITY_NAME': 'Sector 102 Gurgaon'}",,,,,,0.4490029615864308
U71052758,,,S,"Situated in sector 102 gurgaon, shapoorji pallonji joyville gurugram is a well planned society that offers a pleasant living experience to its residents. This 2 bhk flat in gurgaon is your opportunity to be a part of this community. The flat occupies a super built up area of 1215 sq.Ft. That consists of 2 bedrooms, 2 bathrooms and 3 balconies. This flat lies on the 14th level of a 26 storey building. An added advantage of this 0-1 year old flat is that it is available for immediate possession as the project is already ready to move.",Residential Apartment,Gurgaon,Sector 102 Gurgaon,1.0,1,2.0,2,3.0,11934.0,2,3,6,14,26.0,"23,24,5,17,6,19,20,21","27th Aug, 2023",Shapoorji Pallonji Joyville Gurugram,14500000,14500000,11934.0,R,810087,855.0,1215.0,140000.0,"{'LATITUDE': '28.4746969', 'LONGITUDE': '76.9686267', 'ZOOM_LEVEL': '6', 'SOURCE': 'BUILDING', 'MAP_ACCURACY': '0', 'MAPPED': 'Y'}",{'LOCALITY_ID': 0},112.877145,112.877145,"{'AVAIL': {'AVAILABILITY': 2, 'SUB_AVAILABILITY': '6', 'AVAILABILITY_DATE': ''}, 'AVG_PRICE': '14500000', 'PRICE_SQFT': 11934, 'LOGO': 'N', 'FLOOR_NUMBER': '14', 'PROP_TYPE_LABEL': 'Residential Apartment', 'FURNISH_LABEL': 'Unfurnished', 'FURNISHING_ATTRIBUTES': '', 'RERA_TYPE': 'RERA', 'PRICE_IN_WORDS': 'Rs. 1.45 Crore', 'DESCRIPTION': '2-bhk-bedroom-residential-apartments-for-sale-in-shapoorji-pallonji-joyville-gurugram-sector-102-gurgaon-1215-sq-ft'}","5,17,20,21,23,24,6,19","['East Facing', 'Fresh Construction', 'Gated Society', 'Overlooking Park/Garden']",/2-bhk-bedroom-apartment-flat-for-sale-in-shapoorji-pallonji-joyville-gurugram-sector-102-gurgaon-1215-sq-ft-spid-U71052758,2023-10-20 00:00:00,SPID_CONF_GROUPING,1215 sq.ft.,1.45 Cr,2 BHK Flat in Sector 102 Gurgaon,2-bhk-bedroom-apartment-flat-for-sale-in-shapoorji-pallonji-joyville-gurugram-sector-102-gurgaon-1215-sq-ft-spid-U71052758,Dealer: 21st Century Realtech,Dealer,"['READY TO MOVE', 'RESALE', 'RERA']",,,10.0,"[{'category': 'Shopping', 'text': '1 Shopping', 'className': 'shpng', 'icon': 'https://static.99acres.com/universalapp/img/shpng.png'}, {'category': 'Connectivity', 'text': '1 Connectivity', 'className': 'hw', 'icon': 'https://static.99acres.com/universalapp/img/hw.png'}, {'category': 'Education', 'text': '2 Educations', 'className': 'schl', 'icon': 'https://static.99acres.com/universalapp/img/schl.png'}, {'category': 'Hospital', 'text': '1 Hospital', 'className': 'hsptl', 'icon': 'https://static.99acres.com/universalapp/img/hsptl.png'}, {'category': 'Airport', 'text': '1 Airport', 'className': 'aprt', 'icon': 'https://static.99acres.com/universalapp/img/aprt.png'}, {'category': 'RailwayStation', 'text': '1 Railway Station', 'className': 'rail', 'icon': 'https://static.99acres.com/universalapp/img/rail.png'}, {'category': 'OfficeComplex', 'text': '1 Office Complex', 'className': 'ofce', 'icon': 'https://static.99acres.com/universalapp/img/ofce.png'}, {'category': 'Hotel', 'text': '1 Hotels', 'className': 'htl', 'icon': 'https://static.99acres.com/universalapp/img/htl.png'}, {'category': 'Stadium', 'text': '1 Stadium', 'className': 'stdm', 'icon': 'https://static.99acres.com/universalapp/img/stdm.png'}]",Ram,21st Century Realtech,https://mediacdn.99acres.com/8236/0/164720053O-1552719953-DEALER_25990333_PHOTO.jpeg,Shapoorji Pallonji Joyville Gurugram,Shapoorji Pallonji Joyville Gurugram,8,Sector 102,"{'CONTACT_NAME': 'Ram', 'CONTACT_COMPANY_NAME': '21st Century Realtech', 'CLASS_LABEL': 'A', 'CONTACT_CITY': '8', 'URL': '', 'PHOTO_URL': 'https://mediacdn.99acres.com/8236/0/164720053O-1552719953-DEALER_25990333_PHOTO.jpeg', 'super': {'CONTACT_COMPANY_NAME': '21st Century Realtech', 'PHOTO_URL': 'https://mediacdn.99acres.com/8236/0/164720053O-1552719953-DEALER_25990333_PHOTO.jpeg', 'SINCE': 1496239401000, 'TOTAL_EOI': 51}, 'DEALER_SEO_URL': ''}","{'PROJECTID': 319819, 'PROJ_NAME': 'Shapoorji Pallonji Joyville Gurugram', 'BUILDERID': 71481, 'SEO_BUILDER_URL': 'https://builders.99acres.com/joyville-shapoorji-housing-builders-developers-bid-71481', 'XID_URL': '/shapoorji-pallonji-joyville-gurugram-sector-102-gurgaon-npxid-r319819', 'PROJ_RERA_REGISTRATION_ID': 'RC/REP/HARERA/GGM/2018/28', 'REGISTRATION_STATUS': 'REGISTERED', 'PROJECT_HIGHLIGHTS': ['24,000 sq. ft. Clubhouse'], 'AMENITIES': ['11', '131', '52', '38', '96', '16', '44', '8', '60', '40', '103', '85', '4', '139', '1', '13'], 'PROJECT_RATING': '4.1'}","{'PROP_PHOTO_COUNT': '0', 'PROP_VIDEO_COUNT': '0'}","{'CITY': '8', 'CITY_NAME': 'Gurgaon', 'BUILDING_ID': '810087', 'BUILDING_NAME': 'Shapoorji Pallonji Joyville Gurugram', 'SOCIETY_NAME': 'Shapoorji Pallonji Joyville Gurugram', 'LOCALITY_ID': '7504', 'LOCALITY_NAME': 'Sector 102 Gurgaon', 'ADDRESS': '1403'}",1115.0,,,,,0.4319774224361819
I71335426,https://mediacdn.99acres.com/media1/22262/2/445242114T-1694603890140.jpg,https://mediacdn.99acres.com/media1/22262/2/445242114M-1694603890530.jpg,S,"3 acres of colorful parks with air purifiers
24,000 sq. Ft. Clubhouse
Exclusive jio wifi mesh with high-Speed internet of up to 1 gb/s in every room of the home and free hd voice calling within india through your landline or smartphone
9 pocket amenities spaces such as meditation pods and co-Working zones
Properties with 100% power backup available",Residential Apartment,Gurgaon,Sector 102 Gurgaon,1.0,1,2.0,2,3.0,14285.0,4,3,6,1,26.0,"33,1,12,3,6,19,40,21","13th Sep, 2023",Shapoorji Pallonji Joyville Gurugram,15000000,15000000,14285.0,R,810087,962.0,1050.0,1.0,"{'LATITUDE': '28.479276836122', 'LONGITUDE': '76.976094508889', 'ZOOM_LEVEL': '14', 'SOURCE': 'BUILDING', 'MAP_ACCURACY': '0', 'MAPPED': 'Y'}",{'LOCALITY_ID': 0},97.54815,97.54815,"{'AVAIL': {'AVAILABILITY': 2, 'SUB_AVAILABILITY': '6', 'AVAILABILITY_DATE': ''}, 'AVG_PRICE': '15000000', 'PRICE_SQFT': 14285, 'LOGO': 'N', 'FLOOR_NUMBER': '1', 'PROP_TYPE_LABEL': 'Residential Apartment', 'FURNISH_LABEL': 'Semifurnished', 'FURNISHING_ATTRIBUTES': 'Light,Chmny,Fan,Ac', 'RERA_TYPE': 'RERA', 'PRICE_IN_WORDS': 'Rs. 1.5 Crore', 'DESCRIPTION': '2-bhk-bedroom-residential-apartments-for-sale-in-shapoorji-pallonji-joyville-gurugram-sector-102-gurgaon-1050-sq-ft'}","21,1,6,19,40,33,12,3,103","['East Facing', 'Fresh Construction', 'Gated Society', 'Overlooking Park/Garden']",/2-bhk-bedroom-apartment-flat-for-sale-in-shapoorji-pallonji-joyville-gurugram-sector-102-gurgaon-1050-sq-ft-spid-I71335426,2023-11-12 00:00:00,SPID_CONF_GROUPING,1050 sq.ft.,1.5 Cr,2 BHK Flat in Sector 102 Gurgaon,2-bhk-bedroom-apartment-flat-for-sale-in-shapoorji-pallonji-joyville-gurugram-sector-102-gurgaon-1050-sq-ft-spid-I71335426,Dealer: s s d,Dealer,"['READY TO MOVE', 'RESALE', 'RERA']",['https://mediacdn.99acres.com/media1/22262/2/445242114M-1694603890530.jpg'],['https://mediacdn.99acres.com/media1/22262/2/445242114T-1694603890140.jpg'],10.0,"[{'category': 'Shopping', 'text': '1 Shopping', 'className': 'shpng', 'icon': 'https://static.99acres.com/universalapp/img/shpng.png'}, {'category': 'Connectivity', 'text': '1 Connectivity', 'className': 'hw', 'icon': 'https://static.99acres.com/universalapp/img/hw.png'}, {'category': 'Education', 'text': '2 Educations', 'className': 'schl', 'icon': 'https://static.99acres.com/universalapp/img/schl.png'}, {'category': 'Hospital', 'text': '1 Hospital', 'className': 'hsptl', 'icon': 'https://static.99acres.com/universalapp/img/hsptl.png'}, {'category': 'Airport', 'text': '1 Airport', 'className': 'aprt', 'icon': 'https://static.99acres.com/universalapp/img/aprt.png'}, {'category': 'RailwayStation', 'text': '1 Railway Station', 'className': 'rail', 'icon': 'https://static.99acres.com/universalapp/img/rail.png'}, {'category': 'OfficeComplex', 'text': '1 Office Complex', 'className': 'ofce', 'icon': 'https://static.99acres.com/universalapp/img/ofce.png'}, {'category': 'Hotel', 'text': '1 Hotels', 'className': 'htl', 'icon': 'https://static.99acres.com/universalapp/img/htl.png'}, {'category': 'Stadium', 'text': '1 Stadium', 'className': 'stdm', 'icon': 'https://static.99acres.com/universalapp/img/stdm.png'}]",Shri Sai Dwar,s s d,https://static.99acres.com/images/dealer_pnava.png,Shapoorji Pallonji Joyville Gurugram,Shapoorji Pallonji Joyville Gurugram,8,Sector 102,"{'CONTACT_NAME': 'Shri Sai Dwar', 'CONTACT_COMPANY_NAME': 's s d', 'CLASS_LABEL': 'A', 'CONTACT_CITY': '8', 'URL': '', 'PHOTO_URL': 'https://static.99acres.com/images/dealer_pnava.png', 'super': {'CONTACT_COMPANY_NAME': 's s d', 'PHOTO_URL': 'https://static.99acres.com/images/dealer_pnava.png', 'SINCE': 1503463138000, 'TOTAL_EOI': 825}, 'DEALER_SEO_URL': ''}","{'PROJECTID': 319819, 'PROJ_NAME': 'Shapoorji Pallonji Joyville Gurugram', 'BUILDERID': 71481, 'SEO_BUILDER_URL': 'https://builders.99acres.com/joyville-shapoorji-housing-builders-developers-bid-71481', 'XID_URL': '/shapoorji-pallonji-joyville-gurugram-sector-102-gurgaon-npxid-r319819', 'PROJ_RERA_REGISTRATION_ID': 'RC/REP/HARERA/GGM/2018/28', 'REGISTRATION_STATUS': 'REGISTERED', 'PROJECT_HIGHLIGHTS': ['24,000 sq. ft. Clubhouse'], 'AMENITIES': ['11', '131', '52', '38', '96', '16', '44', '8', '60', '40', '103', '85', '4', '139', '1', '13'], 'PROJECT_RATING': '4.1'}","{'PROP_PHOTO_COUNT': '1', 'PROP_VIDEO_COUNT': '0'}","{'CITY': '8', 'CITY_NAME': 'Gurgaon', 'BUILDING_ID': '810087', 'BUILDING_NAME': 'Shapoorji Pallonji Joyville Gurugram', 'SOCIETY_NAME': 'Shapoorji Pallonji Joyville Gurugram', 'LOCALITY_ID': '7504', 'LOCALITY_NAME': 'Sector 102 Gurgaon'}",,,,,,0.43134944640834955
V43800905,https://mediacdn.99acres.com/media1/20710/18/414218232T-1679729005575.jpg,https://mediacdn.99acres.com/media1/20710/18/414218232M-1679729005575.jpg,S,"A beautiful 2 bhk apartment in sector-102, gurgaon. The property is a part of shapoorji pallonji joyville. It is a resale property in a promising locality. This well-Designed new property is under construction. It is located on the 5th floor. The property ownership is freehold type and has a super built-Up area of 915 sq. Ft. The price of the property is estimated at rs. 6480000 and per unit area cost is at rs. 7082 per sq. Ft. Its possession will be available by 2023. The apartment has vitrified flooring. With 3 balcony(s) and 2 bathroom(s), the apartment has quality features such as club house/community center, fitness centre/gym, lift(s), piped-Gas, security personnel, swimming pool, park, rain water harvesting, visitor parking, water storage, security/fire alarm and intercom facility. It is a feng shui/vaastu compliant property. The apartment is furnished. It is an east facing property and overlooks a 60 meter wide road. Gated society. Full power back up. 1 covered parking and 0 open parking. The brokerage amount is 1% of the total property price.",Residential Apartment,Gurgaon,Sector 102 Gurgaon,1.0,1,2.0,2,3.0,10054.0,4,3,5,5,26.0,"23,12,24,26,17,29,19,1,3,5,6,9,20,21","25th Aug, 2023",Shapoorji Pallonji Joyville Gurugram,9900000,9900000,10054.0,R,810087,589.49,915.0,1.0,"{'LATITUDE': '28.479276836122', 'LONGITUDE': '76.976094508889', 'ZOOM_LEVEL': '14', 'SOURCE': 'BUILDING', 'MAP_ACCURACY': '0', 'MAPPED': 'Y'}",{'LOCALITY_ID': 0},85.00624499999999,85.00624499999999,"{'AVAIL': {'AVAILABILITY': 1, 'SUB_AVAILABILITY': '1000', 'AVAILABILITY_DATE': ''}, 'AVG_PRICE': '9900000', 'PRICE_SQFT': 10054, 'LOGO': 'N', 'FLOOR_NUMBER': '5', 'PROP_TYPE_LABEL': 'Residential Apartment', 'FURNISH_LABEL': 'Semifurnished', 'FURNISHING_ATTRIBUTES': 'Light,Fan,Gey', 'RERA_TYPE': 'RERA', 'PRICE_IN_WORDS': 'Rs. 99 Lac', 'DESCRIPTION': '2-bhk-bedroom-residential-apartments-for-sale-in-shapoorji-pallonji-joyville-gurugram-sector-102-gurgaon-915-sq-ft'}","17,5,20,21,23,24,29,19,1,6,9,12,26,3",,/2-bhk-bedroom-apartment-flat-for-sale-in-shapoorji-pallonji-joyville-gurugram-sector-102-gurgaon-915-sq-ft-r9-spid-V43800905,2023-10-24 00:00:00,SPID_CONF_GROUPING,915 sq.ft.,99 L,2 BHK Flat in Sector 102 Gurgaon,2-bhk-bedroom-apartment-flat-for-sale-in-shapoorji-pallonji-joyville-gurugram-sector-102-gurgaon-915-sq-ft-r9-spid-V43800905,Dealer: Gupta Realtors,Dealer,"['UNDER CONSTRUCTION', 'RESALE', 'RERA']","['https://mediacdn.99acres.com/media1/20710/18/414218232M-1679729005575.jpg', 'https://mediacdn.99acres.com/media1/20710/18/414218130M-1679728997693.jpg', 'https://mediacdn.99acres.com/media1/21019/10/420390230M-1682751760337.jpg', 'https://mediacdn.99acres.com/media1/20710/18/414218240M-1679729006903.jpg', 'https://mediacdn.99acres.com/media1/20710/18/414218238M-1679729006369.jpg', 'https://mediacdn.99acres.com/media1/20710/18/414218234M-1679729005587.jpg', 'https://mediacdn.99acres.com/media1/20710/18/414218236M-1679729006280.jpg', 'https://mediacdn.99acres.com/media1/20710/18/414218242M-1679729007690.jpg', 'https://mediacdn.99acres.com/media1/20710/18/414218246M-1679729007886.jpg', 'https://mediacdn.99acres.com/media1/20710/18/414218244M-1679729007900.jpg', 'https://mediacdn.99acres.com/media1/20710/18/414218224M-1679729004737.jpg']","['https://mediacdn.99acres.com/media1/20710/18/414218232T-1679729005575.jpg', 'https://mediacdn.99acres.com/media1/20710/18/414218130T-1679728997693.jpg', 'https://mediacdn.99acres.com/media1/21019/10/420390230T-1682751760165.jpg', 'https://mediacdn.99acres.com/media1/20710/18/414218240T-1679729006903.jpg', 'https://mediacdn.99acres.com/media1/20710/18/414218238T-1679729006368.jpg', 'https://mediacdn.99acres.com/media1/20710/18/414218234T-1679729005587.jpg', 'https://mediacdn.99acres.com/media1/20710/18/414218236T-1679729006279.jpg', 'https://mediacdn.99acres.com/media1/20710/18/414218242T-1679729007690.jpg', 'https://mediacdn.99acres.com/media1/20710/18/414218246T-1679729007886.jpg', 'https://mediacdn.99acres.com/media1/20710/18/414218244T-1679729007900.jpg', 'https://mediacdn.99acres.com/media1/20710/18/414218224T-1679729004737.jpg']",10.0,"[{'category': 'Shopping', 'text': '1 Shopping', 'className': 'shpng', 'icon': 'https://static.99acres.com/universalapp/img/shpng.png'}, {'category': 'Connectivity', 'text': '1 Connectivity', 'className': 'hw', 'icon': 'https://static.99acres.com/universalapp/img/hw.png'}, {'category': 'Education', 'text': '2 Educations', 'className': 'schl', 'icon': 'https://static.99acres.com/universalapp/img/schl.png'}, {'category': 'Hospital', 'text': '1 Hospital', 'className': 'hsptl', 'icon': 'https://static.99acres.com/universalapp/img/hsptl.png'}, {'category': 'Airport', 'text': '1 Airport', 'className': 'aprt', 'icon': 'https://static.99acres.com/universalapp/img/aprt.png'}, {'category': 'RailwayStation', 'text': '1 Railway Station', 'className': 'rail', 'icon': 'https://static.99acres.com/universalapp/img/rail.png'}, {'category': 'OfficeComplex', 'text': '1 Office Complex', 'className': 'ofce', 'icon': 'https://static.99acres.com/universalapp/img/ofce.png'}, {'category': 'Hotel', 'text': '1 Hotels', 'className': 'htl', 'icon': 'https://static.99acres.com/universalapp/img/htl.png'}, {'category': 'Stadium', 'text': '1 Stadium', 'className': 'stdm', 'icon': 'https://static.99acres.com/universalapp/img/stdm.png'}]",Sahil Gupta,Gupta Realtors,https://mediacdn.99acres.com/media1/11247/14/224954533O-1583910271512.jpeg,Shapoorji Pallonji Joyville Gurugram,Shapoorji Pallonji Joyville Gurugram,8,Sector 102,"{'CONTACT_NAME': 'Sahil Gupta', 'CONTACT_COMPANY_NAME': 'Gupta Realtors', 'CLASS_LABEL': 'A', 'CONTACT_CITY': '8', 'URL': 'http://www.guptarealtors.com', 'PHOTO_URL': 'https://mediacdn.99acres.com/media1/11247/14/224954533O-1583910271512.jpeg', 'super': {'CONTACT_COMPANY_NAME': 'Gupta Realtors', 'PHOTO_URL': 'https://mediacdn.99acres.com/media1/11247/14/224954533O-1583910271512.jpeg', 'SINCE': 1559030544000, 'TOTAL_EOI': 1764}, 'DEALER_SEO_URL': ''}","{'PROJECTID': 319819, 'PROJ_NAME': 'Shapoorji Pallonji Joyville Gurugram', 'BUILDERID': 71481, 'SEO_BUILDER_URL': 'https://builders.99acres.com/joyville-shapoorji-housing-builders-developers-bid-71481', 'XID_URL': '/shapoorji-pallonji-joyville-gurugram-sector-102-gurgaon-npxid-r319819', 'PROJ_RERA_REGISTRATION_ID': 'RC/REP/HARERA/GGM/2018/28', 'REGISTRATION_STATUS': 'REGISTERED', 'PROJECT_HIGHLIGHTS': ['24,000 sq. ft. Clubhouse'], 'AMENITIES': ['11', '131', '52', '38', '96', '16', '44', '8', '60', '40', '103', '85', '4', '139', '1', '13'], 'PROJECT_RATING': '4.1'}","{'PROP_PHOTO_COUNT': '11', 'PROP_VIDEO_COUNT': '0'}","{'CITY': '8', 'CITY_NAME': 'Gurgaon', 'BUILDING_ID': '810087', 'BUILDING_NAME': 'Shapoorji Pallonji Joyville Gurugram', 'SOCIETY_NAME': 'Shapoorji Pallonji Joyville Gurugram', 'LOCALITY_ID': '7504', 'LOCALITY_NAME': 'Sector 102 Gurgaon', 'ADDRESS': '223'}",,,,,,0.4291955214169013
